Serial No,Direct Sequencing or Culture,Clone
836375-01,Culture,
836375-02,Culture,
836375-02.2,Culture,
836375-02.3,Culture,
836375-03,Culture,
836375-04,Culture,
836375-05,Culture,
836375-06,Culture,
836375-07,Culture,
836375-08,Culture,
836375-09,Culture,
836375-10,Culture,
836375-11,Culture,
836375-12,Culture,
836375-13,Culture,
836375-13-1,Culture,
836375-13-1.2,Culture,
836375-13.2,Culture,
836375-13.3,Culture,
836375-14,Culture,
836375-15,Culture,
836375-16,Culture,
836375-17,Culture,
836375-18,Culture,
836375-19,Culture,
836375-20,Culture,
836375-20.2,Culture,
836375-21,Direct,
836375-22,Direct,
836375-23,Direct,
836375-24,Direct,
836375-25,Direct,
836375-26,Direct,
836375-27,Direct,
836375-28,Direct,
836375-28--3,Direct,Y
836375-28--6,Direct,Y
836375-28--7,Direct,Y
836375-28--8,Direct,Y
836375-29,Direct,
836375-30,Direct,
836375-31,Direct,
836375-32,Direct,
836375-33,Direct,
836375-34,Direct,
836375-35,Direct,
836375-36,Direct,
836375-37,Direct,
836375-38,Direct,
836375-39,Direct,
836375-40,Direct,
836375-41,Control,
836375-41.2,Control,
836375-42,Control,
836445-01,Culture,
836445-02,Culture,
836445-02.2,Culture,
836445-03,Culture,
836445-03.2,Culture,
836445-04,Culture,
836445-04-1,Culture,
836445-05,Culture,
836445-06,Culture,
836445-07,Culture,
836445-08,Culture,
836445-08-1,Culture,
836445-08-2,Culture,
836445-09,Culture,
836445-10,Culture,
836445-11,Culture,
836445-12,Culture,
836445-12-1,Culture,
836445-12-1.2,Culture,
836445-12-2,Culture,
836445-13,Culture,
836445-14,Culture,
836445-15,Culture,
836445-16,Culture,
836445-17,Culture,
836445-17.2,Culture,
836445-18,Culture,
836445-18.2,Culture,
836445-19,Culture,
836445-19.2,Culture,
836445-20,Culture,
836445-21,Direct,
836445-22,Direct,
836445-23,Direct,
836445-24,Direct,
836445-25,Direct,
836445-25--2,Direct,Y
836445-25--3,Direct,Y
836445-25--4,Direct,Y
836445-25--5,Direct,Y
836445-25--6,Direct,Y
836445-25--7,Direct,Y
836445-25--8,Direct,Y
836445-25--9,Direct,Y
836445-25--10,Direct,Y
836445-25--11,Direct,Y
836445-25--12,Direct,Y
836445-26,Direct,
836445-27,Direct,
836445-28,Direct,
836445-29,Direct,
836445-30,Direct,
836445-31,Direct,
836445-32,Direct,
836445-33,Direct,
836445-34,Direct,
836445-35,Direct,
836445-36,Direct,
836445-37,Direct,
836445-38,Direct,
836445-39,Direct,
836445-40,Direct,
836445-41,Control,
836445-42,Control,
836467-01,Culture,
836467-02,Culture,
836467-03,Culture,
836467-04,Culture,
836467-04.2,Culture,
836467-05,Culture,
836467-05.2,Culture,
836467-06,Culture,
836467-07,Culture,
836467-07.2,Culture,
836467-08,Culture,
836467-09,Culture,
836467-10,Culture,
836467-11,Culture,
836467-12,Culture,
836467-13,Culture,
836467-14,Culture,
836467-15,Culture,
836467-16,Culture,
836467-17,Culture,
836467-18,Culture,
836467-19,Culture,
836467-20,Culture,
836467-20.2,Culture,
836467-21,Direct,
836467-22,Direct,
836467-23,Direct,
836467-24,Direct,
836467-25,Direct,
836467-26,Direct,
836467-27,Direct,
836467-28,Direct,
836467-29,Direct,
836467-30,Direct,
836467-30--2,Direct,Y
836467-30--9,Direct,Y
836467-30--10,Direct,Y
836467-30--12,Direct,Y
836467-31,Direct,
836467-32,Direct,
836467-33,Direct,
836467-34,Direct,
836467-35,Direct,
836467-36,Direct,
836467-37,Direct,
836467-38,Direct,
836467-38--1,Direct,Y
836467-38--2,Direct,Y
836467-38--3,Direct,Y
836467-38--9,Direct,Y
836467-38--11,Direct,Y
836467-38--12,Direct,Y
836467-39,Direct,
836467-40,Direct,
836467-41,Control,
836467-42,Control,
836478-01,Culture,
836478-02,Culture,
836478-03,Culture,
836478-04,Culture,
836478-05,Culture,
836478-06,Culture,
836478-07,Culture,
836478-08,Culture,
836478-09,Culture,
836478-10,Culture,
836478-11,Culture,
836478-12,Culture,
836478-13,Culture,
836478-13.2,Culture,
836478-13.3,Culture,
836478-13.4,Culture,
836478-13.5,Culture,
836478-14,Culture,
836478-14-1,Culture,
836478-14-1.2,Culture,
836478-14-2,Culture,
836478-15,Culture,
836478-16,Culture,
836478-17,Culture,
836478-18,Culture,
836478-19,Culture,
836478-20,Culture,
836478-21,Direct,
836478-21--3,Direct,Y
836478-21--8,Direct,Y
836478-21--10,Direct,Y
836478-21--11,Direct,Y
836478-22,Direct,
836478-23,Direct,
836478-24,Direct,
836478-25,Direct,
836478-26,Direct,
836478-26--4,Direct,Y
836478-26--5,Direct,Y
836478-26--7,Direct,Y
836478-26--8,Direct,Y
836478-26--9,Direct,Y
836478-26--12,Direct,Y
836478-27,Direct,
836478-28,Direct,
836478-28--05,Direct,Y
836478-28--06,Direct,Y
836478-28--07,Direct,Y
836478-28--08,Direct,Y
836478-28--09,Direct,Y
836478-28--10,Direct,Y
836478-28--11,Direct,Y
836478-28--12,Direct,Y
836478-29,Direct,
836478-30,Direct,
836478-31,Control,
836478-31.2,Control,
836478-31.3,Control,
836478-31.4,Control,
836478-32,Control,
836478-32.2,Control,
836478-33,Control,
836489-01,Culture,
836489-02,Culture,
836489-02.2,Culture,
836489-02.3,Culture,
836489-02.4,Culture,
836489-02.5,Culture,
836489-03,Culture,
836489-04,Culture,
836489-04.2,Culture,
836489-04.3,Culture,
836489-04.4,Culture,
836489-04.5,Culture,
836489-05,Culture,
836489-06,Culture,
836489-07,Culture,
836489-08,Culture,
836489-08.2,Culture,
836489-09,Culture,
836489-09.2,Culture,
836489-09.3,Culture,
836489-09.4,Culture,
836489-09.5,Culture,
836489-10,Culture,
836489-11,Culture,
836489-12,Culture,
836489-13,Culture,
836489-13.2,Culture,
836489-13.3,Culture,
836489-13.4,Culture,
836489-13.5,Culture,
836489-13.6,Culture,
836489-14,Culture,
836489-14.2,Culture,
836489-14.3,Culture,
836489-14.4,Culture,
836489-14.5,Culture,
836489-15,Culture,
836489-15.2,Culture,
836489-15.3,Culture,
836489-15.4,Culture,
836489-15.5,Culture,
836489-15.6,Culture,
836489-16,Culture,
836489-16.2,Culture,
836489-16.3,Culture,
836489-16.4,Culture,
836489-17,Culture,
836489-17.2,Culture,
836489-17.3,Culture,
836489-17.4,Culture,
836489-17.5,Culture,
836489-18,Culture,
836489-18.2,Culture,
836489-18.3,Culture,
836489-18.4,Culture,
836489-18.5,Culture,
836489-19,Culture,
836489-19.2,Culture,
836489-19.3,Culture,
836489-19.4,Culture,
836489-19.5,Culture,
836489-20,Culture,
836489-21,Direct,
836489-22,Direct,
836489-23,Direct,
836489-24,Direct,
836489-25,Direct,
836489-26,Direct,
836489-26--3,Direct,Y
836489-26--7,Direct,Y
836489-26--8,Direct,Y
836489-26--10,Direct,Y
836489-26--11,Direct,Y
836489-27,Direct,
836489-27--1,Direct,Y
836489-27--2,Direct,Y
836489-27--3,Direct,Y
836489-27--4,Direct,Y
836489-27--5,Direct,Y
836489-27--6,Direct,Y
836489-27--7,Direct,Y
836489-27--8,Direct,Y
836489-27--9,Direct,Y
836489-27--10,Direct,Y
836489-27--11,Direct,Y
836489-27--12,Direct,Y
836489-28,Direct,
836489-29,Direct,
836489-29--01,Direct,Y
836489-29--02,Direct,Y
836489-29--03,Direct,Y
836489-29--04,Direct,Y
836489-29--05,Direct,Y
836489-29--06,Direct,Y
836489-29--07,Direct,Y
836489-29--08,Direct,Y
836489-29--09,Direct,Y
836489-29--10,Direct,Y
836489-29--11,Direct,Y
836489-30,Direct,
836489-30.2,Direct,
836489-30.3,Direct,
836489-30--1,Direct,Y
836489-30--2,Direct,Y
836489-30--3,Direct,Y
836489-30--4,Direct,Y
836489-30--5,Direct,Y
836489-30--6,Direct,Y
836489-30--7,Direct,Y
836489-30--8,Direct,Y
836489-30--9,Direct,Y
836489-30--10,Direct,Y
836489-30--11,Direct,Y
836489-30--12,Direct,Y
836489-30--13,Direct,Y
836489-30--14,Direct,Y
836489-30--15,Direct,Y
836489-30--16,Direct,Y
836489-30--17,Direct,Y
836489-30--18,Direct,Y
836489-30--19,Direct,Y
836489-30--20,Direct,Y
836489-30--21,Direct,Y
836489-31,Control,
836489-31.2,Control,
836489-31.3,Control,
836489-32,Control,
836489-32.2,Control,
836489-33,Control,
836490-01,Culture,
836490-02,Culture,
836490-03,Culture,
836490-04,Culture,
836490-05,Culture,
836490-06,Culture,
836490-07,Culture,
836490-08,Culture,
836490-09,Culture,
836490-09.2,Culture,
836490-10,Culture,
836490-11,Culture,
836490-12,Culture,
836490-12.2,Culture,
836490-13,Culture,
836490-14,Culture,
836490-15,Culture,
836490-16,Culture,
836490-17,Culture,
836490-17.2,Culture,
836490-18,Culture,
836490-19,Culture,
836490-20,Culture,
836490-20.2,Culture,
836490-21,Direct,
836490-22,Direct,
836490-22--1,Direct,Y
836490-22--2,Direct,Y
836490-22--3,Direct,Y
836490-22--4,Direct,Y
836490-22--5,Direct,Y
836490-22--6,Direct,Y
836490-22--7,Direct,Y
836490-22--8,Direct,Y
836490-22--9,Direct,Y
836490-22--10,Direct,Y
836490-22--11,Direct,Y
836490-22--12,Direct,Y
836490-22--13,Direct,Y
836490-22--14,Direct,Y
836490-22--15,Direct,Y
836490-22--16,Direct,Y
836490-22--17,Direct,Y
836490-22--18,Direct,Y
836490-22--19,Direct,Y
836490-22--20,Direct,Y
836490-22--21,Direct,Y
836490-22--22,Direct,Y
836490-23,Direct,
836490-24,Direct,
836490-25,Direct,
836490-26,Direct,
836490-27,Direct,
836490-28,Direct,
836490-29,Direct,
836490-30,Direct,
836490-31,Direct,
836490-32,Direct,
836490-33,Direct,
836490-34,Direct,
836490-35,Direct,
836490-36,Direct,
836490-37,Direct,
836490-38,Direct,
836490-39,Direct,
836490-39--01,Direct,Y
836490-39--03,Direct,Y
836490-39--04,Direct,Y
836490-39--05,Direct,Y
836490-39--06,Direct,Y
836490-39--07,Direct,Y
836490-39--08,Direct,Y
836490-39--09,Direct,Y
836490-39--10,Direct,Y
836490-39--12,Direct,Y
836490-40,Direct,
836490-40--01,Direct,Y
836490-40--02,Direct,Y
836490-40--04,Direct,Y
836490-40--05,Direct,Y
836490-40--06,Direct,Y
836490-40--08,Direct,Y
836490-40--11,Direct,Y
836490-41,Control,
836490-41.2,Control,
836490-42,Control,
836504-01,Culture,
836504-02,Culture,
836504-03,Culture,
836504-04,Culture,
836504-05,Culture,
836504-06,Culture,
836504-07,Culture,
836504-07.2,Culture,
836504-07.3,Culture,
836504-07.4,Culture,
836504-07.5,Culture,
836504-07.6,Culture,
836504-07.7,Culture,
836504-08,Culture,
836504-09,Culture,
836504-09.2,Culture,
836504-09.3,Culture,
836504-09.4,Culture,
836504-09.5,Culture,
836504-10,Culture,
836504-10-1,Culture,
836504-10.2,Culture,
836504-10.3,Culture,
836504-10.4,Culture,
836504-10.5,Culture,
836504-10.6,Culture,
836504-11,Culture,
836504-11.2,Culture,
836504-11.3,Culture,
836504-11.4,Culture,
836504-11.5,Culture,
836504-12,Culture,
836504-13,Culture,
836504-14,Culture,
836504-14.2,Culture,
836504-14.3,Culture,
836504-14.4,Culture,
836504-14.5,Culture,
836504-14.6,Culture,
836504-14.7,Culture,
836504-15,Culture,
836504-16,Culture,
836504-17,Culture,
836504-17-2,Culture,
836504-17-2.2,Culture,
836504-17.2,Culture,
836504-17.3,Culture,
836504-17.4,Culture,
836504-17.5,Culture,
836504-17.6,Culture,
836504-18,Culture,
836504-19,Culture,
836504-20,Culture,
836504-21,Direct,
836504-22,Direct,
836504-23,Direct,
836504-24,Direct,
836504-24--1,Direct,Y
836504-24--2,Direct,Y
836504-24--3,Direct,Y
836504-24--4,Direct,Y
836504-24--5,Direct,Y
836504-24--7,Direct,Y
836504-24--8,Direct,Y
836504-24--9,Direct,Y
836504-24--10,Direct,Y
836504-24--12,Direct,Y
836504-25,Direct,
836504-26,Direct,
836504-26--03,Direct,Y
836504-26--06,Direct,Y
836504-26--07,Direct,Y
836504-26--08,Direct,Y
836504-26--09,Direct,Y
836504-26--10,Direct,Y
836504-26--11,Direct,Y
836504-27,Direct,
836504-28,Direct,
836504-29,Direct,
836504-29--01,Direct,Y
836504-29--02,Direct,Y
836504-29--03,Direct,Y
836504-29--04,Direct,Y
836504-29--05,Direct,Y
836504-29--08,Direct,Y
836504-29--09,Direct,Y
836504-29--10,Direct,Y
836504-29--11,Direct,Y
836504-29--12,Direct,Y
836504-30,Direct,
836504-31,Control,
836504-31.2,Control,
836504-32,Control,
836504-32.2,Control,
836504-32.3,Control,
836504-32.4,Control,
836504-33,Control,
836515-01,Culture,
836515-02,Culture,
836515-03,Culture,
836515-04,Culture,
836515-04.2,Culture,
836515-04.3,Culture,
836515-04.4,Culture,
836515-04.5,Culture,
836515-05,Culture,
836515-05.2,Culture,
836515-05.3,Culture,
836515-05.4,Culture,
836515-05.5,Culture,
836515-06,Culture,
836515-07,Culture,
836515-08,Culture,
836515-09,Culture,
836515-09.2,Culture,
836515-09.3,Culture,
836515-09.4,Culture,
836515-09.5,Culture,
836515-09.6,Culture,
836515-09.7,Culture,
836515-10,Culture,
836515-10.2,Culture,
836515-10.3,Culture,
836515-10.4,Culture,
836515-10.5,Culture,
836515-10.6,Culture,
836515-11,Culture,
836515-11.2,Culture,
836515-11.3,Culture,
836515-11.4,Culture,
836515-11.5,Culture,
836515-11.6,Culture,
836515-12,Culture,
836515-12.2,Culture,
836515-12.3,Culture,
836515-13,Culture,
836515-14,Culture,
836515-15,Culture,
836515-15.2,Culture,
836515-15.3,Culture,
836515-15.4,Culture,
836515-16,Culture,
836515-16.2,Culture,
836515-16.3,Culture,
836515-16.4,Culture,
836515-16.5,Culture,
836515-16.6,Culture,
836515-17,Culture,
836515-17.2,Culture,
836515-18,Culture,
836515-18.2,Culture,
836515-18.3,Culture,
836515-18.4,Culture,
836515-18.5,Culture,
836515-19,Culture,
836515-20,Culture,
836515-21,Direct,
836515-22,Direct,
836515-23,Direct,
836515-24,Direct,
836515-25,Direct,
836515-26,Direct,
836515-26.2,Direct,
836515-26.3,Direct,
836515-26--1,Direct,Y
836515-26--2,Direct,Y
836515-26--3,Direct,Y
836515-26--4,Direct,Y
836515-26--5,Direct,Y
836515-26--6,Direct,Y
836515-26--7,Direct,Y
836515-26--8,Direct,Y
836515-26--9,Direct,Y
836515-26--10,Direct,Y
836515-26--11,Direct,Y
836515-26--12,Direct,Y
836515-27,Direct,
836515-28,Direct,
836515-29,Direct,
836515-30,Direct,
836515-31,Control,
836515-31.2,Control,
836515-32,Control,
836515-32.2,Control,
836515-32.3,Control,
836515-33,Control,
880079-01,Culture,
880079-02,Culture,
880079-03,Culture,
880079-04,Culture,
880079-05,Culture,
880079-06,Culture,
880079-07,Culture,
880079-08,Culture,
880079-09,Culture,
880079-10,Culture,
880079-10.2,Culture,
880079-11,Culture,
880079-12,Culture,
880079-13,Culture,
880079-14,Culture,
880079-15,Culture,
880079-16,Culture,
880079-17,Culture,
880079-18,Culture,
880079-19,Culture,
880079-20,Culture,
880079-21,Direct,
880079-21--1,Direct,Y
880079-21--2,Direct,Y
880079-21--3,Direct,Y
880079-21--4,Direct,Y
880079-21--5,Direct,Y
880079-21--6,Direct,Y
880079-21--7,Direct,Y
880079-21--8,Direct,Y
880079-21--9,Direct,Y
880079-21--10,Direct,Y
880079-21--11,Direct,Y
880079-21--12,Direct,Y
880079-22,Direct,
880079-22--1,Direct,Y
880079-22--2,Direct,Y
880079-22--3,Direct,Y
880079-22--4,Direct,Y
880079-22--5,Direct,Y
880079-22--6,Direct,Y
880079-22--7,Direct,Y
880079-22--8,Direct,Y
880079-22--9,Direct,Y
880079-22--10,Direct,Y
880079-22--11,Direct,Y
880079-22--12,Direct,Y
880079-23,Direct,
880079-24,Direct,
880079-25,Direct,
880079-26,Direct,
880079-27,Direct,
880079-28,Direct,
880079-29,Direct,
880079-30,Direct,
880079-31,Direct,
880079-32,Direct,
880079-33,Direct,
880079-34,Direct,
880079-35,Direct,
880079-36,Direct,
880079-37,Direct,
880079-38,Direct,
880079-39,Direct,
880079-40,Direct,
880079-41,Control,
880079-42,Control,
880116-01,Culture,
880116-02,Culture,
880116-02.2,Culture,
880116-03,Culture,
880116-04,Culture,
880116-04.2,Culture,
880116-04.3,Culture,
880116-05,Culture,
880116-06,Culture,
880116-07,Culture,
880116-07.2,Culture,
880116-08,Culture,
880116-09,Culture,
880116-09.2,Culture,
880116-10,Culture,
880116-10.2,Culture,
880116-11,Culture,
880116-12,Culture,
880116-13,Culture,
880116-14,Culture,
880116-15,Culture,
880116-16,Culture,
880116-17,Culture,
880116-18,Culture,
880116-19,Culture,
880116-20,Culture,
880116-21,Direct,
880116-22,Direct,
880116-23,Direct,
880116-24,Direct,
880116-25,Direct,
880116-26,Direct,
880116-27,Direct,
880116-28,Direct,
880116-29,Direct,
880116-30,Direct,
880116-31,Direct,
880116-32,Direct,
880116-33,Direct,
880116-34,Direct,
880116-34--6,Direct,Y
880116-35,Direct,
880116-36,Direct,
880116-37,Direct,
880116-38,Direct,
880116-38--2,Direct,Y
880116-39,Direct,
880116-40,Direct,
880116-41,Control,
880116-41.2,Control,
880116-42,Control,
880127-01,Culture,
880127-02,Culture,
880127-03,Culture,
880127-04,Culture,
880127-05,Culture,
880127-06,Culture,
880127-07,Culture,
880127-08,Culture,
880127-09,Culture,
880127-10,Culture,
880127-11,Culture,
880127-12,Culture,
880127-13,Culture,
880127-14,Culture,
880127-15,Culture,
880127-16,Culture,
880127-16,Culture,
880127-16,Culture,
880127-17,Culture,
880127-18,Culture,
880127-19,Culture,
880127-20,Culture,
880127-21,Direct,
880127-22,Direct,
880127-23,Direct,
880127-24,Direct,
880127-25,Direct,
880127-26,Direct,
880127-27,Direct,
880127-28,Direct,
880127-29,Direct,
880127-30,Direct,
880127-31,Direct,
880127-32,Direct,
880127-33,Direct,
880127-34,Direct,
880127-35,Direct,
880127-36,Direct,
880127-37,Direct,
880127-38,Direct,
880127-39,Direct,
880127-40,Direct,
880127-41,Control,
880127-42,Control,
880138-01,Culture,
880138-01.2,Culture,
880138-02,Culture,
880138-03,Culture,
880138-04,Culture,
880138-05,Culture,
880138-05.2,Culture,
880138-05.3,Culture,
880138-05.4,Culture,
880138-06,Culture,
880138-07,Culture,
880138-07.2,Culture,
880138-08,Culture,
880138-09,Culture,
880138-09.2,Culture,
880138-10,Culture,
880138-10.2,Culture,
880138-11,Culture,
880138-11.2,Culture,
880138-12,Culture,
880138-13,Culture,
880138-14,Culture,
880138-15,Culture,
880138-16,Culture,
880138-17,Culture,
880138-18,Culture,
880138-19,Culture,
880138-20,Culture,
880138-20.2,Culture,
880138-21,Direct,
880138-22,Direct,
880138-23,Direct,
880138-24,Direct,
880138-25,Direct,
880138-26,Direct,
880138-27,Direct,
880138-28,Direct,
880138-29,Direct,
880138-30,Direct,
880138-31,Direct,
880138-32,Direct,Y
880138-32,Direct,
880138-32--1,Direct,Y
880138-32--2,Direct,Y
880138-32--3,Direct,Y
880138-32--4,Direct,Y
880138-32--5,Direct,Y
880138-32--6,Direct,Y
880138-32--7,Direct,Y
880138-32--8,Direct,Y
880138-32--9,Direct,Y
880138-32--10,Direct,Y
880138-32--11,Direct,Y
880138-32--12,Direct,Y
880138-33,Direct,
880138-34,Direct,
880138-35,Direct,
880138-36,Direct,
880138-37,Direct,Y
880138-37--1,Direct,Y
880138-37--2,Direct,Y
880138-37--3,Direct,Y
880138-37--4,Direct,Y
880138-37--5,Direct,Y
880138-37--6,Direct,Y
880138-37--7,Direct,Y
880138-37--8,Direct,Y
880138-37--9,Direct,Y
880138-37--10,Direct,Y
880138-37--11,Direct,Y
880138-37--12,Direct,Y
880138-38,Direct,
880138-39,Direct,Y
880138-39--1,Direct,Y
880138-39--2,Direct,Y
880138-39--3,Direct,Y
880138-39--4,Direct,Y
880138-39--5,Direct,Y
880138-39--6,Direct,Y
880138-39--7,Direct,Y
880138-39--8,Direct,Y
880138-39--9,Direct,Y
880138-39--10,Direct,Y
880138-39--11,Direct,Y
880138-39--12,Direct,Y
880138-40,Direct,
880138-41,Control,
880138-42,Control,
880149-01,Culture,
880149-01.2,Culture,
880149-02,Culture,
880149-03,Culture,
880149-04,Culture,
880149-04.2,Culture,
880149-05,Culture,
880149-05.2,Culture,
880149-06,Culture,
880149-07,Culture,
880149-08,Culture,
880149-09,Culture,
880149-10,Culture,
880149-10.1,Culture,
880149-11,Culture,
880149-11.2,Culture,
880149-12,Culture,
880149-13,Culture,
880149-14,Culture,
880149-15,Culture,
880149-16,Culture,
880149-17,Culture,
880149-18,Culture,
880149-19,Culture,
880149-20,Culture,
880149-21,Direct,
880149-22,Direct,
880149-23,Direct,
880149-24,Direct,
880149-25,Direct,
880149-26,Direct,
880149-27,Direct,
880149-27--04,Direct,Y
880149-27--06,Direct,Y
880149-27--07,Direct,Y
880149-27--08,Direct,Y
880149-27--10,Direct,Y
880149-27--12,Direct,Y
880149-28,Direct,
880149-28--12,Direct,Y
880149-28--14,Direct,Y
880149-28--18,Direct,Y
880149-28--19,Direct,Y
880149-29,Direct,
880149-30,Direct,
880149-31,Direct,
880149-32,Direct,
880149-33,Direct,
880149-34,Direct,
880149-35,Direct,
880149-36,Direct,
880149-37,Direct,
880149-38,Direct,
880149-39,Direct,
880149-40,Direct,
880149-40--05,Direct,Y
880149-40--08,Direct,Y
880149-40--10,Direct,Y
880149-40--14,Direct,Y
880149-40--16,Direct,Y
880149-40--17,Direct,Y
880149-40--19,Direct,Y
880149-40--21,Direct,Y
880149-40--22,Direct,Y
880149-41,Control,
880149-42,Control,
880161-01,Culture,
880161-02,Culture,
880161-03,Culture,
880161-03.2,Culture,
880161-04,Culture,
880161-05,Culture,
880161-06,Culture,
880161-07,Culture,
880161-08,Culture,
880161-09,Culture,
880161-10,Culture,
880161-11,Culture,
880161-12,Culture,
880161-13,Culture,
880161-13.2,Culture,
880161-14,Culture,
880161-15,Culture,
880161-16,Culture,
880161-17,Culture,
880161-18,Culture,
880161-18.2,Culture,
880161-19,Culture,
880161-20,Culture,
880161-20.2,Culture,
880161-21,Direct,
880161-21--11,Direct,Y
880161-21--13,Direct,Y
880161-21--14,Direct,Y
880161-21--15,Direct,Y
880161-21--16,Direct,Y
880161-21--17,Direct,Y
880161-22,Direct,
880161-23,Direct,
880161-24,Direct,
880161-24--11,Direct,Y
880161-24--14,Direct,Y
880161-24--15,Direct,Y
880161-24--17,Direct,Y
880161-24--18,Direct,Y
880161-24--19,Direct,Y
880161-24--21,Direct,Y
880161-24--22,Direct,Y
880161-25,Direct,
880161-26,Direct,
880161-26--11,Direct,Y
880161-26--12,Direct,Y
880161-26--13,Direct,Y
880161-26--14,Direct,Y
880161-26--15,Direct,Y
880161-26--17,Direct,Y
880161-26--18,Direct,Y
880161-26--19F,Direct,Y
880161-26--19R,Direct,Y
880161-26--21,Direct,Y
880161-26--22,Direct,Y
880161-27,Direct,
880161-28,Direct,
880161-29,Direct,
880161-29--01,Direct,Y
880161-29--04,Direct,Y
880161-29--12,Direct,Y
880161-29--17,Direct,Y
880161-29--18,Direct,Y
880161-29--19,Direct,Y
880161-30,Direct,
880161-31,Direct,
880161-32,Direct,
880161-33,Direct,
880161-34,Direct,
880161-35,Direct,
880161-36,Direct,
880161-37,Direct,
880161-38,Direct,
880161-38--11,Direct,Y
880161-38--12,Direct,Y
880161-38--13,Direct,Y
880161-38--14,Direct,Y
880161-38--15,Direct,Y
880161-38--16,Direct,Y
880161-38--18,Direct,Y
880161-38--19,Direct,Y
880161-38--20,Direct,Y
880161-38--21,Direct,Y
880161-39,Direct,
880161-40,Direct,
880161-41,Control,
880161-42,Control,
880172-01,Culture,
880172-02,Culture,
880172-03,Culture,
880172-04,Culture,
880172-05,Culture,
880172-06,Culture,
880172-07,Culture,
880172-08,Culture,
880172-08.2,Culture,
880172-09,Culture,
880172-10,Culture,
880172-11,Culture,
880172-12,Culture,
880172-13,Culture,
880172-14,Culture,
880172-14.2,Culture,
880172-15,Culture,
880172-16,Culture,
880172-17,Culture,
880172-17-1,Culture,
880172-17-1,Culture,
880172-17-2,Culture,
880172-18,Culture,
880172-19,Culture,
880172-20,Culture,
880172-21,Direct,
880172-22,Direct,
880172-22--11,Direct,Y
880172-22--12,Direct,Y
880172-22--15,Direct,Y
880172-22--17,Direct,Y
880172-22--18,Direct,Y
880172-22--19,Direct,Y
880172-22--20,Direct,Y
880172-22--21,Direct,Y
880172-23,Direct,
880172-24,Direct,
880172-24--12,Direct,Y
880172-24--15,Direct,Y
880172-24--16,Direct,Y
880172-24--20,Direct,Y
880172-24--21,Direct,Y
880172-24--24,Direct,Y
880172-25,Direct,
880172-26,Direct,
880172-27,Direct,
880172-27--11,Direct,Y
880172-27--12,Direct,Y
880172-27--14,Direct,Y
880172-27--15,Direct,Y
880172-27--17,Direct,Y
880172-27--21,Direct,Y
880172-28,Direct,
880172-29,Direct,
880172-30,Direct,
880172-31,Direct,
880172-31--01,Direct,Y
880172-31--04,Direct,Y
880172-31--10,Direct,Y
880172-31--14,Direct,Y
880172-31--19,Direct,Y
880172-31--20,Direct,Y
880172-31--21,Direct,Y
880172-31--22,Direct,Y
880172-32,Direct,
880172-33,Direct,
880172-33--11,Direct,Y
880172-33--12,Direct,Y
880172-33--13,Direct,Y
880172-33--14,Direct,Y
880172-33--15,Direct,Y
880172-33--16,Direct,Y
880172-33--17,Direct,Y
880172-33--20,Direct,Y
880172-33--22,Direct,Y
880172-33--23,Direct,Y
880172-34,Direct,
880172-35,Direct,
880172-36,Direct,
880172-37,Direct,
880172-38,Direct,
880172-39,Direct,
880172-40,Direct,
880172-41,Control,
880172-42,Control,
880264-01,Culture,
880264-02,Culture,
880264-03,Culture,
880264-04,Culture,
880264-05,Culture,
880264-06,Culture,
880264-07,Culture,
880264-08,Culture,
880264-09,Culture,
880264-10,Culture,
880264-11,Culture,
880264-12,Culture,
880264-12.2,Culture,
880264-13,Culture,
880264-14,Culture,
880264-15,Culture,
880264-16,Culture,
880264-17,Culture,
880264-18,Culture,
880264-18-1,Culture,
880264-18-2,Culture,
880264-18-3,Culture,
880264-19,Culture,
880264-19-1,Culture,
880264-19.2,Culture,
880264-20,Culture,
880264-20-1,Culture,
880264-20-2,Culture,
880264-21,Direct,
880264-22,Direct,
880264-22--2,Direct,Y
880264-23,Direct,
880264-24,Direct,
880264-25,Direct,
880264-26,Direct,
880264-27,Direct,
880264-28,Direct,
880264-29,Direct,
880264-30,Direct,
880264-31,Direct,
880264-32,Direct,
880264-33,Direct,
880264-34,Direct,
880264-35,Direct,
880264-36,Direct,
880264-37,Direct,
880264-38,Direct,
880264-39,Direct,
880264-40,Direct,
880264-41,Control,
880264-42,Control,
880323-01,Culture,
880323-02,Culture,
880323-03,Culture,
880323-04,Culture,
880323-05,Culture,
880323-06,Culture,
880323-07,Culture,
880323-07.2,Culture,
880323-08,Culture,
880323-09,Culture,
880323-10,Culture,
880323-11,Culture,
880323-12,Culture,
880323-13,Culture,
880323-14,Culture,
880323-15,Culture,
880323-16,Culture,
880323-17,Culture,
880323-18,Culture,
880323-18.2,Culture,
880323-19,Culture,
880323-20,Culture,
880323-21,Direct,
880323-22,Direct,
880323-22--01,Direct,Y
880323-22--02,Direct,Y
880323-22--03,Direct,Y
880323-22--04,Direct,Y
880323-22--05,Direct,Y
880323-22--06,Direct,Y
880323-22--07,Direct,Y
880323-22--08,Direct,Y
880323-22--09,Direct,Y
880323-22--10,Direct,Y
880323-22--11,Direct,Y
880323-22--12,Direct,Y
880323-23,Direct,
880323-24,Direct,
880323-25,Direct,
880323-26,Direct,
880323-27,Direct,
880323-27--1,Direct,Y
880323-27--2,Direct,Y
880323-27--03,Direct,Y
880323-27--04,Direct,Y
880323-27--05,Direct,Y
880323-27--06,Direct,Y
880323-27--07,Direct,Y
880323-27--08,Direct,Y
880323-27--09,Direct,Y
880323-27--10,Direct,Y
880323-27--11,Direct,Y
880323-27--12,Direct,Y
880323-28,Direct,
880323-29,Direct,
880323-30,Direct,
880323-31,Direct,
880323-32,Direct,
880323-33,Direct,
880323-34,Direct,
880323-35,Direct,
880323-36,Direct,
880323-37,Direct,
880323-38,Direct,
880323-39,Direct,
880323-40,Direct,
880323-41,Control,
880323-41.2,Control,
880323-42,Control,
880334-01,Culture,
880334-01.2,Culture,
880334-02,Culture,
880334-02.2,Culture,
880334-03,Culture,
880334-03.2,Culture,
880334-04,Culture,
880334-04.2,Culture,
880334-05,Culture,
880334-05.2,Culture,
880334-06,Culture,
880334-07,Culture,
880334-08,Culture,
880334-08-1,Culture,
880334-08-2,Culture,
880334-09,Culture,
880334-09.2,Culture,
880334-10,Culture,
880334-11,Culture,
880334-12,Culture,
880334-13,Culture,
880334-14,Culture,
880334-15,Culture,
880334-16,Culture,
880334-16.2,Culture,
880334-16.3,Culture,
880334-16.2,Culture,
880334-17,Culture,
880334-18,Culture,
880334-19,Culture,
880334-20,Culture,
880334-20-1,Culture,
880334-20-2,Culture,
880334-21,Direct,
880334-22,Direct,
880334-23,Direct,
880334-24,Direct,
880334-24--01,Direct,Y
880334-24--02,Direct,Y
880334-24--03,Direct,Y
880334-24--04,Direct,Y
880334-24--05,Direct,Y
880334-24--06,Direct,Y
880334-24--07,Direct,Y
880334-24--08,Direct,Y
880334-24--09,Direct,Y
880334-24--10,Direct,Y
880334-24--11,Direct,Y
880334-24--12,Direct,Y
880334-25,Direct,
880334-26,Direct,
880334-27,Direct,
880334-27--01,Direct,Y
880334-27--02,Direct,Y
880334-27--03,Direct,Y
880334-27--04,Direct,Y
880334-27--05,Direct,Y
880334-27--06,Direct,Y
880334-27--07,Direct,Y
880334-27--08,Direct,Y
880334-27--09,Direct,Y
880334-27--10,Direct,Y
880334-27--11,Direct,Y
880334-27--12,Direct,Y
880334-28,Direct,
880334-29,Direct,
880334-30,Direct,
880334-31,Direct,
880334-32,Direct,
880334-33,Direct,
880334-34,Direct,
880334-35,Direct,
880334-36,Direct,
880334-36--1,Direct,Y
880334-36--2,Direct,Y
880334-36--3,Direct,Y
880334-36--4,Direct,Y
880334-36--5,Direct,Y
880334-36--6,Direct,Y
880334-36--7,Direct,Y
880334-36--8,Direct,Y
880334-37,Direct,
880334-38,Direct,
880334-39,Direct,
880334-40,Direct,
880334-41,Control,
880334-42,Control,
880345-01,Culture,
880345-02,Culture,
880345-03,Culture,
880345-04,Culture,
880345-05,Culture,
880345-06,Culture,
880345-07,Culture,
880345-08,Culture,
880345-09,Culture,
880345-10,Culture,
880345-11,Culture,
880345-12,Culture,
880345-13,Culture,
880345-14,Culture,
880345-15,Culture,
880345-16,Culture,
880345-17,Culture,
880345-18,Culture,
880345-19,Culture,
880345-20,Culture,
880345-21,Direct,
880345-22,Direct,
880345-23,Direct,
880345-24,Direct,
880345-25,Direct,
880345-26,Direct,
880345-27,Direct,
880345-27--1,Direct,Y
880345-27--2,Direct,Y
880345-27--3,Direct,Y
880345-27--4,Direct,Y
880345-27--5,Direct,Y
880345-27--6,Direct,Y
880345-27--7,Direct,Y
880345-27--8,Direct,Y
880345-27--9,Direct,Y
880345-27--10,Direct,Y
880345-27--11,Direct,Y
880345-27--12,Direct,Y
880345-28,Direct,
880345-29,Direct,
880345-30,Direct,
880345-30--1,Direct,Y
880345-30--2,Direct,Y
880345-30--3,Direct,Y
880345-30--4,Direct,Y
880345-30--5,Direct,Y
880345-30--6,Direct,Y
880345-30--7,Direct,Y
880345-30--8,Direct,Y
880345-30--9,Direct,Y
880345-30--10,Direct,Y
880345-30--11,Direct,Y
880345-30--12,Direct,Y
880345-31,Direct,
880345-32,Direct,
880345-33,Direct,
880345-34,Direct,
880345-35,Direct,
880345-35--1,Direct,Y
880345-35--2,Direct,Y
880345-35--3,Direct,Y
880345-35--4,Direct,Y
880345-35--5,Direct,Y
880345-35--6,Direct,Y
880345-35--7,Direct,Y
880345-35--8,Direct,Y
880345-35--9,Direct,Y
880345-35--10,Direct,Y
880345-35--11,Direct,Y
880345-35--12,Direct,Y
880345-36,Direct,
880345-37,Direct,
880345-38,Direct,
880345-39,Direct,
880345-40,Direct,
880345-41,Control,
880345-42,Control,
880356-01,Culture,
880356-01.2,Culture,
880356-02,Culture,
880356-02.2,Culture,
880356-03,Culture,
880356-04,Culture,
880356-04.2,Culture,
880356-05,Culture,
880356-06,Culture,
880356-07,Culture,
880356-08,Culture,
880356-09,Culture,
880356-10,Culture,
880356-10.2,Culture,
880356-11,Culture,
880356-12,Culture,
880356-13,Culture,
880356-14,Culture,
880356-15,Culture,
880356-16,Culture,
880356-17,Culture,
880356-18,Culture,
880356-19,Culture,
880356-20,Culture,
880356-21,Direct,
880356-22,Direct,
880356-23,Direct,
880356-24,Direct,
880356-25,Direct,
880356-26,Direct,
880356-27,Direct,
880356-28,Direct,
880356-29,Direct,
880356-30,Direct,
880356-31,Direct,
880356-32,Direct,
880356-33,Direct,
880356-34,Direct,
880356-35,Direct,
880356-35--1,Direct,Y
880356-35--2,Direct,Y
880356-35--3,Direct,Y
880356-35--4,Direct,Y
880356-35--5,Direct,Y
880356-35--6,Direct,Y
880356-35--7,Direct,Y
880356-35--8,Direct,Y
880356-35--9,Direct,Y
880356-35--10,Direct,Y
880356-35--11,Direct,Y
880356-35--12,Direct,Y
880356-36,Direct,
880356-36--1,Direct,Y
880356-36--2,Direct,Y
880356-36--3,Direct,Y
880356-36--4,Direct,Y
880356-36--5,Direct,Y
880356-36--6,Direct,Y
880356-36--7,Direct,Y
880356-36--8,Direct,Y
880356-36--9,Direct,Y
880356-36--10,Direct,Y
880356-36--11,Direct,Y
880356-36--12,Direct,Y
880356-37,Direct,
880356-38,Direct,
880356-39,Direct,
880356-40,Direct,
880356-41,Control,
880356-42,Control,
880367-01,Culture,
880367-02,Culture,
880367-03,Culture,
880367-04,Culture,
880367-05,Culture,
880367-06,Culture,
880367-06.2,Culture,
880367-07,Culture,
880367-08,Culture,
880367-09,Culture,
880367-09.2,Culture,
880367-10,Culture,
880367-11,Culture,
880367-12,Culture,
880367-13,Culture,
880367-14,Culture,
880367-15,Culture,
880367-16,Culture,
880367-16.2,Culture,
880367-17,Culture,
880367-17.2,Culture,
880367-18,Culture,
880367-19,Culture,
880367-20,Culture,
880367-21,Direct,
880367-22,Direct,
880367-23,Direct,
880367-24,Direct,
880367-25,Direct,
880367-26,Direct,
880367-27,Direct,
880367-28,Direct,
880367-29,Direct,
880367-30,Direct,
880367-30--1,Direct,Y
880367-30--2,Direct,Y
880367-30--3,Direct,Y
880367-30--4,Direct,Y
880367-30--5,Direct,Y
880367-30--6,Direct,Y
880367-30--7,Direct,Y
880367-30--8,Direct,Y
880367-30--9,Direct,Y
880367-30--10,Direct,Y
880367-30--11,Direct,Y
880367-31,Direct,
880367-32,Direct,
880367-33,Direct,
880367-34,Direct,
880367-35,Direct,
880367-36,Direct,
880367-37,Direct,
880367-38,Direct,
880367-39,Direct,
880367-40,Direct,
880367-41,Control,
880367-42,Control,
880585-01,Culture,
880585-02,Culture,
880585-03,Culture,
880585-04,Culture,
880585-05,Culture,
880585-06,Culture,
880585-07,Culture,
880585-08,Culture,
880585-09,Culture,
880585-10,Culture,
880585-11,Culture,
880585-12,Culture,
880585-13,Culture,
880585-14,Culture,
880585-15,Culture,
880585-16,Culture,
880585-17,Culture,
880585-18,Culture,
880585-18.2,Culture,
880585-19,Culture,
880585-20,Culture,
880585-21,Direct,
880585-22,Direct,
880585-22--02,Direct,Y
880585-22--03,Direct,Y
880585-22--05,Direct,Y
880585-22--06,Direct,Y
880585-23,Direct,
880585-24,Direct,
880585-25,Direct,
880585-26,Direct,
880585-27,Direct,
880585-28,Direct,
880585-29,Direct,
880585-30,Direct,
880585-30--2,Direct,Y
880585-30--3,Direct,Y
880585-30--4,Direct,Y
880585-30--5,Direct,Y
880585-30--6,Direct,Y
880585-30--7,Direct,Y
880585-30--8,Direct,Y
880585-30--9,Direct,Y
880585-30--10,Direct,Y
880585-30--11,Direct,Y
880585-31,Direct,
880585-31--01,Direct,Y
880585-31--02,Direct,Y
880585-31--04,Direct,Y
880585-31--07,Direct,Y
880585-31--08,Direct,Y
880585-31--09,Direct,Y
880585-32,Direct,
880585-33,Direct,
880585-34,Direct,
880585-35,Direct,
880585-36,Direct,
880585-37,Direct,
880585-38,Direct,
880585-39,Direct,
880585-40,Direct,
880585-41,Control,
880585-42,Control,
880600-01,Culture,
880600-01.2,Culture,
880600-01.3,Culture,
880600-01.4,Culture,
880600-01.5,Culture,
880600-01.6,Culture,
880600-02,Culture,
880600-02.2,Culture,
880600-02.3,Culture,
880600-02.4,Culture,
880600-02.5,Culture,
880600-02.6,Culture,
880600-03,Culture,
880600-04,Culture,
880600-05,Culture,
880600-06,Culture,
880600-06.2,Culture,
880600-06.3,Culture,
880600-06.4,Culture,
880600-06.5,Culture,
880600-07,Culture,
880600-08,Culture,
880600-09,Culture,
880600-09.2,Culture,
880600-09.3,Culture,
880600-09.4,Culture,
880600-09.5,Culture,
880600-10,Culture,
880600-10.2,Culture,
880600-11,Culture,
880600-12,Culture,
880600-13,Culture,
880600-13.2,Culture,
880600-13.3,Culture,
880600-13.4,Culture,
880600-14,Culture,
880600-15,Culture,
880600-16,Culture,
880600-17,Culture,
880600-17.2,Culture,
880600-17.3,Culture,
880600-17.4,Culture,
880600-18,Culture,
880600-18.2,Culture,
880600-18.3,Culture,
880600-18.4,Culture,
880600-19,Culture,
880600-20,Culture,
880600-20.2,Culture,
880600-21,Direct,
880600-21--01,Direct,Y
880600-21--11,Direct,Y
880600-21.2,Direct,
880600-22,Direct,
880600-22--01,Direct,Y
880600-22--05,Direct,Y
880600-22--07,Direct,Y
880600-22.2,Direct,
880600-22.3,Direct,
880600-23,Direct,
880600-23.2,Direct,
880600-24,Direct,
880600-24.2,Direct,
880600-25,Direct,
880600-25--01,Direct,Y
880600-25--02,Direct,Y
880600-25--03,Direct,Y
880600-25--04,Direct,Y
880600-25--05,Direct,Y
880600-25--06,Direct,Y
880600-25--07,Direct,Y
880600-25--08,Direct,Y
880600-25--09,Direct,Y
880600-25--10,Direct,Y
880600-25--12,Direct,Y
880600-25.2,Direct,
880600-26,Direct,
880600-26.2,Direct,
880600-27,Direct,
880600-27.2,Direct,
880600-28,Direct,
880600-28.2,Direct,
880600-28.3,Direct,
880600-28.4,Direct,
880600-28.5,Direct,
880600-29,Direct,
880600-29.2,Direct,
880600-30,Direct,
880600-30.2,Direct,
880600-31,Control,
880600-31.2,Control,
880600-31.3,Control,
880600-31.4,Control,
880600-32,Control,
880600-32.2,Control,
880600-32.3,Control,
880600-32.4,Control,
880600-33,Control,
880622-01,Culture,
880622-02,Culture,
880622-03,Culture,
880622-04,Culture,
880622-05,Culture,
880622-06,Culture,
880622-07,Culture,
880622-08,Culture,
880622-09,Culture,
880622-10,Culture,
880622-11,Culture,
880622-12,Culture,
880622-13,Culture,
880622-14,Culture,
880622-15,Culture,
880622-16,Culture,
880622-17,Culture,
880622-17.2,Culture,
880622-18,Culture,
880622-18.2,Culture,
880622-19,Culture,
880622-19.2,Culture,
880622-20,Culture,
880622-21,Direct,
880622-22,Direct,
880622-23,Direct,
880622-24,Direct,
880622-25,Direct,
880622-26,Direct,
880622-27,Direct,
880622-28,Direct,
880622-29,Direct,
880622-30,Direct,
880622-31,Direct,
880622-32,Direct,
880622-33,Direct,
880622-34,Direct,
880622-35,Direct,
880622-36,Direct,
880622-37,Direct,
880622-38,Direct,
880622-39,Direct,
880622-40,Direct,
880622-41,Control,
880622-42,Control,
880633-01,Culture,
880633-02,Culture,
880633-03,Culture,
880633-04,Culture,
880633-05,Culture,
880633-06,Culture,
880633-07,Culture,
880633-08,Culture,
880633-09,Culture,
880633-09,Culture,
880633-10,Culture,
880633-11,Culture,
880633-12,Culture,
880633-13,Culture,
880633-14,Culture,
880633-15,Culture,
880633-16,Culture,
880633-17,Culture,
880633-18,Culture,
880633-19,Culture,
880633-20,Culture,
880633-21,Direct,
880633-22,Direct,
880633-23,Direct,
880633-24,Direct,
880633-25,Direct,
880633-26,Direct,
880633-27,Direct,
880633-28,Direct,
880633-29,Direct,
880633-29--05,Direct,Y
880633-29--07,Direct,Y
880633-29--09,Direct,Y
880633-29--11,Direct,Y
880633-29--12,Direct,Y
880633-30,Direct,
880633-30--01,Direct,Y
880633-30--02,Direct,Y
880633-30--03,Direct,Y
880633-30--04,Direct,Y
880633-30--05,Direct,Y
880633-30--06,Direct,Y
880633-30--07,Direct,Y
880633-30--08,Direct,Y
880633-30--09,Direct,Y
880633-30--12,Direct,Y
880633-31,Direct,
880633-31--01,Direct,Y
880633-31--02,Direct,Y
880633-31--03,Direct,Y
880633-31--04,Direct,Y
880633-31--06,Direct,Y
880633-31--08,Direct,Y
880633-31--09,Direct,Y
880633-32,Direct,
880633-33,Direct,
880633-34,Direct,
880633-35,Direct,
880633-36,Direct,
880633-37,Direct,
880633-38,Direct,
880633-39,Direct,
880633-40,Direct,
880633-41,Control,
880633-42,Control,
880644-01,Culture,
880644-02,Culture,
880644-03,Culture,
880644-04,Culture,
880644-05,Culture,
880644-06,Culture,
880644-07,Culture,
880644-08,Culture,
880644-09,Culture,
880644-10,Culture,
880644-11,Culture,
880644-12,Culture,
880644-13,Culture,
880644-14,Culture,
880644-15,Culture,
880644-16,Culture,
880644-17,Culture,
880644-18,Culture,
880644-19,Culture,
880644-20,Culture,
880644-21,Direct,
880644-22,Direct,
880644-23,Direct,
880644-24,Direct,
880644-25,Direct,
880644-26,Direct,
880644-27,Direct,
880644-28,Direct,
880644-29,Direct,
880644-30,Direct,
880644-31,Direct,
880644-32,Direct,
880644-33,Direct,
880644-34,Direct,
880644-35,Direct,
880644-36,Direct,
880644-37,Direct,
880644-38,Direct,
880644-39,Direct,
880644-40,Direct,
880644-41,Control,
880644-42,Control,
882671-01,Culture,
882671-02,Culture,
882671-03,Culture,
882671-04,Culture,
882671-05,Culture,
882671-06,Culture,
882671-07,Culture,
882671-08,Culture,
882671-09,Culture,
882671-10,Culture,
882671-11,Culture,
882671-12,Culture,
882671-13,Culture,
882671-14,Culture,
882671-15,Culture,
882671-16,Culture,
882671-17,Culture,
882671-18,Culture,
882671-19,Culture,
882671-20,Culture,
882671-21,Direct,
882671-22,Direct,
882671-23,Direct,
882671-24,Direct,
882671-25,Direct,
882671-26,Direct,
882671-27,Direct,
882671-28,Direct,
882671-29,Direct,
882671-30,Direct,
882671-31,Direct,
882671-31--9,Direct,Y
882671-32,Direct,
882671-33,Direct,
882671-34,Direct,
882671-35,Direct,
882671-36,Direct,
882671-37,Direct,
882671-38,Direct,
882671-39,Direct,
882671-40,Direct,
882671-41,Control,
882671-42,Control,
882730-01,Culture,
882730-02,Culture,
882730-03,Culture,
882730-04,Culture,
882730-05,Culture,
882730-06,Culture,
882730-07,Culture,
882730-08,Culture,
882730-09,Culture,
882730-10,Culture,
882730-11,Culture,
882730-12,Culture,
882730-13,Culture,
882730-14,Culture,
882730-15,Culture,
882730-16,Culture,
882730-17,Culture,
882730-18,Culture,
882730-19,Culture,
882730-20,Culture,
882730-21,Direct,
882730-22,Direct,
882730-23,Direct,
882730-24,Direct,
882730-25,Direct,
882730-26,Direct,
882730-27,Direct,
882730-28,Direct,
882730-29,Direct,
882730-30,Direct,
882730-31,Direct,
882730-32,Direct,
882730-33,Direct,
882730-34,Direct,
882730-35,Direct,
882730-36,Direct,
882730-37,Direct,
882730-38,Direct,
882730-39,Direct,
882730-39--11,Direct,Y
882730-40,Direct,
882730-41,Control,
882730-41.2,Control,
882730-42,Control,
882741-01,Culture,
882741-02,Culture,
882741-03,Culture,
882741-03.2,Culture,
882741-04,Culture,
882741-05,Culture,
882741-06,Culture,
882741-07,Culture,
882741-08,Culture,
882741-09,Culture,
882741-10,Culture,
882741-11,Culture,
882741-12,Culture,
882741-13,Culture,
882741-14,Culture,
882741-15,Culture,
882741-16,Culture,
882741-17,Culture,
882741-18,Culture,
882741-19,Culture,
882741-20,Culture,
882741-21,Direct,
882741-22,Direct,
882741-23,Direct,
882741-24,Direct,
882741-25,Direct,
882741-26,Direct,
882741-27,Direct,
882741-28,Direct,
882741-29,Direct,
882741-30,Direct,
882741-31,Direct,
882741-32,Direct,
882741-33,Direct,
882741-34,Direct,
882741-35,Direct,
882741-36,Direct,
882741-37,Direct,
882741-38,Direct,
882741-39,Direct,
882741-40,Direct,
882741-41,Control,
882741-42,Control,
882785-01,Culture,
882785-02,Culture,
882785-03,Culture,
882785-04,Culture,
882785-05,Culture,
882785-06,Culture,
882785-07,Culture,
882785-08,Culture,
882785-09,Culture,
882785-10,Culture,
882785-11,Culture,
882785-12,Culture,
882785-13,Culture,
882785-14,Culture,
882785-15,Culture,
882785-16,Culture,
882785-16.2,Culture,
882785-16-1,Culture,
882785-17,Culture,
882785-18,Culture,
882785-18.2,Culture,
882785-19,Culture,
882785-19.2,Culture,
882785-19.3,Culture,
882785-20,Culture,
882785-20.2,Culture,
882785-21,Direct,
882785-22,Direct,
882785-23,Direct,
882785-24,Direct,
882785-25,Direct,
882785-26,Direct,
882785-27,Direct,
882785-28,Direct,
882785-29,Direct,
882785-30,Direct,
882785-31,Direct,
882785-32,Direct,
882785-33,Direct,
882785-34,Direct,
882785-35,Direct,
882785-36,Direct,
882785-37,Direct,
882785-38,Direct,
882785-39,Direct,
882785-40,Direct,
882785-41,Control,
882785-42,Control,
882800-01,Culture,
882800-02,Culture,
882800-03,Culture,
882800-04,Culture,
882800-05,Culture,
882800-06,Culture,
882800-07,Culture,
882800-08,Culture,
882800-09,Culture,
882800-10,Culture,
882800-11,Culture,
882800-12,Culture,
882800-13,Culture,
882800-13.2,Culture,
882800-13.3,Culture,
882800-13.4,Culture,
882800-14,Culture,
882800-15,Culture,
882800-16,Culture,
882800-17,Culture,
882800-18,Culture,
882800-19,Culture,
882800-20,Culture,
882800-21,Direct,
882800-21.2,Direct,
882800-22,Direct,
882800-22.2,Direct,
882800-23,Direct,
882800-23.2,Direct,
882800-24,Direct,
882800-24.2,Direct,
882800-25,Direct,
882800-25.2,Direct,
882800-26,Direct,
882800-26.2,Direct,
882800-27,Direct,
882800-27.2,Direct,
882800-28,Direct,
882800-28.2,Direct,
882800-29,Direct,
882800-29.2,Direct,
882800-30,Direct,
882800-31,Control,
882800-31.2,Control,
882800-31.3,Control,
882800-31.4,Control,
882800-31.5,Control,
882800-31.6,Control,
882800-32,Control,
882800-32.2,Control,
882800-34,Control,
882811-01,Culture,
882811-02,Culture,
882811-03,Culture,
882811-04,Culture,
882811-05,Culture,
882811-06,Culture,
882811-07,Culture,
882811-08,Culture,
882811-09,Culture,
882811-10,Culture,
882811-11,Culture,
882811-12,Culture,
882811-13,Culture,
882811-14,Culture,
882811-15,Culture,
882811-16,Culture,
882811-17,Culture,
882811-18,Culture,
882811-19,Culture,
882811-20,Culture,
882811-21,Direct,
882811-22,Direct,
882811-23,Direct,
882811-24,Direct,
882811-25,Direct,
882811-26,Direct,
882811-27,Direct,
882811-28,Direct,
882811-29,Direct,
882811-30,Direct,
882811-31,Direct,
882811-32,Direct,
882811-33,Direct,
882811-34,Direct,
882811-35,Direct,
882811-36,Direct,
882811-37,Direct,
882811-38,Direct,
882811-39,Direct,
882811-41,Control,
882811-42,Control,
882833-01,Culture,
882833-02,Culture,
882833-03,Culture,
882833-04,Culture,
882833-05,Culture,
882833-06,Culture,
882833-07,Culture,
882833-08,Culture,
882833-09,Culture,
882833-10,Culture,
882833-11,Culture,
882833-12,Culture,
882833-13,Culture,
882833-14,Culture,
882833-15,Culture,
882833-16,Culture,
882833-17,Culture,
882833-18,Culture,
882833-19,Culture,
882833-20,Culture,
882833-21,Direct,
882833-22,Direct,
882833-23,Direct,
882833-24,Direct,
882833-25,Direct,
882833-26,Direct,
882833-27,Direct,
882833-28,Direct,
882833-29,Direct,
882833-30,Direct,
882833-31,Direct,
882833-32,Direct,
882833-33,Direct,
882833-34,Direct,
882833-35,Direct,
882833-36,Direct,
882833-37,Direct,
882833-38,Direct,
882833-39,Direct,
882833-40,Direct,
882833-41,Control,
882833-42,Control,
882877-01,Culture,
882877-02,Culture,
882877-03,Culture,
882877-04,Culture,
882877-05,Culture,
882877-06,Culture,
882877-07,Culture,
882877-08,Culture,
882877-09,Culture,
882877-10,Culture,
882877-11,Culture,
882877-12,Culture,
882877-13,Culture,
882877-14,Culture,
882877-15,Culture,
882877-16,Culture,
882877-17,Culture,
882877-18,Culture,
882877-19,Culture,
882877-20,Culture,
882877-21,Direct,
882877-22,Direct,
882877-23,Direct,
882877-24,Direct,
882877-25,Direct,
882877-26,Direct,
882877-27,Direct,
882877-28,Direct,
882877-29,Direct,
882877-30,Direct,
882877-31,Direct,
882877-32,Direct,
882877-33,Direct,
882877-34,Direct,
882877-35,Direct,
882877-36,Direct,
882877-37,Direct,
882877-38,Direct,
882877-39,Direct,
882877-40,Direct,
882877-41,Control,
882877-42,Control,
882888-01,Culture,
882888-02,Culture,
882888-03,Culture,
882888-04,Culture,
882888-05,Culture,
882888-06,Culture,
882888-07,Culture,
882888-08,Culture,
882888-09,Culture,
882888-10,Culture,
882888-11,Culture,
882888-12,Culture,
882888-13,Culture,
882888-14,Culture,
882888-15,Culture,
882888-16,Culture,
882888-17,Culture,
882888-18,Culture,
882888-19,Culture,
882888-20,Culture,
882888-21,Direct,
882888-21.2,Direct,
882888-22,Direct,
882888-22.2,Direct,
882888-23,Direct,
882888-23.2,Direct,
882888-24,Direct,
882888-24.2,Direct,
882888-25,Direct,
882888-25.2,Direct,
882888-26,Direct,
882888-26.2,Direct,
882888-26.3,Direct,
882888-27,Direct,
882888-27.2,Direct,
882888-28,Direct,
882888-28.2,Direct,
882888-29,Direct,
882888-30,Direct,
882888-33,Control,
882899-01,Culture,
882899-02,Culture,
882899-03,Culture,
882899-04,Culture,
882899-05,Culture,
882899-06,Culture,
882899-07,Culture,
882899-08,Culture,
882899-09,Culture,
882899-10,Culture,
882899-11,Culture,
882899-12,Culture,
882899-13,Culture,
882899-14,Culture,
882899-15,Culture,
882899-16,Culture,
882899-17,Culture,
882899-18,Culture,
882899-19,Culture,
882899-20,Culture,
882899-21,Direct,
882899-22,Direct,
882899-23,Direct,
882899-24,Direct,
882899-25,Direct,
882899-26,Direct,
882899-27,Direct,
882899-28,Direct,
882899-29,Direct,
882899-30,Direct,
882899-31-1,Control,
882899-31-1.2,Control,
882899-31-2,Control,
882899-32-1,Control,
882899-32-1.2,Control,
882899-32-2,Control,
882899-33,Control,
928337-01,Culture,
928337-01.2,Culture,
928337-02,Culture,
928337-03,Culture,
928337-04,Culture,
928337-05,Culture,
928337-06,Culture,
928337-07,Culture,
928337-08,Culture,
928337-09,Culture,
928337-10,Culture,
928337-11,Culture,
928337-12,Culture,
928337-13,Culture,
928337-14,Culture,
928337-15,Culture,
928337-16,Culture,
928337-17,Culture,
928337-18,Culture,
928337-19,Culture,
928337-20,Culture,
928337-21,Direct,
928337-22,Direct,
928337-23,Direct,
928337-24,Direct,
928337-25,Direct,
928337-26,Direct,
928337-27,Direct,
928337-28,Direct,
928337-29,Direct,
928337-30,Direct,
928337-31,Direct,
928337-32,Direct,
928337-33,Direct,
928337-34,Direct,
928337-34--1,Direct,Y
928337-34--2,Direct,Y
928337-34--6,Direct,Y
928337-34--7,Direct,Y
928337-35,Direct,
928337-36,Direct,
928337-37,Direct,
928337-38,Direct,
928337-39,Direct,
928337-40,Direct,
928337-41,Control,
928337-42,Control,
928360-01,Culture,
928360-02,Culture,
928360-03,Culture,
928360-04,Culture,
928360-05,Culture,
928360-06,Culture,
928360-07,Culture,
928360-08,Culture,
928360-09,Culture,
928360-10,Culture,
928360-11,Culture,
928360-12,Culture,
928360-13,Culture,
928360-14,Culture,
928360-15,Culture,
928360-16,Culture,
928360-17,Culture,
928360-18,Culture,
928360-19,Culture,
928360-20,Culture,
928360-21,Direct,
928360-22,Direct,
928360-23,Direct,
928360-24,Direct,
928360-25,Direct,
928360-26,Direct,
928360-27,Direct,
928360-28,Direct,
928360-29,Direct,
928360-30,Direct,
928360-31,Direct,
928360-32,Direct,
928360-33,Direct,
928360-34,Direct,
928360-34--6,Direct,Y
928360-35,Direct,
928360-36,Direct,
928360-37,Direct,
928360-38,Direct,
928360-39,Direct,
928360-40,Direct,
928360-41,Control,
928360-42,Control,
928429-01,Culture,
928429-02,Culture,
928429-03,Culture,
928429-04,Culture,
928429-05,Culture,
928429-06,Culture,
928429-07,Culture,
928429-08,Culture,
928429-09,Culture,
928429-10,Culture,
928429-11,Culture,
928429-12,Culture,
928429-13,Culture,
928429-14,Culture,
928429-15,Culture,
928429-16,Culture,
928429-17,Culture,
928429-18,Culture,
928429-19,Culture,
928429-20,Culture,
928429-21,Direct,
928429-22,Direct,
928429-23,Direct,
928429-24,Direct,
928429-25,Direct,
928429-26,Direct,
928429-27,Direct,
928429-28,Direct,
928429-29,Direct,
928429-30,Direct,
928429-31,Direct,
928429-32,Direct,
928429-33,Direct,
928429-34,Direct,
928429-35,Direct,
928429-36,Direct,
928429-37,Direct,
928429-38,Direct,
928429-39,Direct,
928429-40,Direct,
928429-41,Control,
928429-42,Control,
928500-01,Culture,
928500-02,Culture,
928500-03,Culture,
928500-04,Culture,
928500-05,Culture,
928500-06,Culture,
928500-07,Culture,
928500-08,Culture,
928500-09,Culture,
928500-10,Culture,
928500-11,Culture,
928500-12,Culture,
928500-13,Culture,
928500-14,Culture,
928500-15,Culture,
928500-16,Culture,
928500-17,Culture,
928500-18,Culture,
928500-19,Culture,
928500-19-1,Culture,
928500-19-2,Culture,
928500-20,Culture,
928500-21,Direct,
928500-22,Direct,
928500-23,Direct,
928500-24,Direct,
928500-25,Direct,
928500-26,Direct,
928500-27,Direct,
928500-28,Direct,
928500-29,Direct,
928500-30,Direct,
928500-31,Direct,
928500-32,Direct,
928500-33,Direct,
928500-34,Direct,
928500-35,Direct,
928500-36,Direct,
928500-37,Direct,
928500-38,Direct,
928500-39,Direct,
928500-39--1,Direct,Y
928500-39--3,Direct,Y
928500-39--6,Direct,Y
928500-39--9,Direct,Y
928500-40,Direct,
928500-41,Control,
928500-42,Control,
928717-01,Culture,
928717-02,Culture,
928717-02.2,Culture,
928717-03,Culture,
928717-04,Culture,
928717-05,Culture,
928717-06,Culture,
928717-06.2,Culture,
928717-07,Culture,
928717-08,Culture,
928717-09,Culture,
928717-10,Culture,
928717-11,Culture,
928717-12,Culture,
928717-13,Culture,
928717-14,Culture,
928717-15,Culture,
928717-16,Culture,
928717-17,Culture,
928717-18,Culture,
928717-19,Culture,
928717-20,Culture,
928717-21,Direct,
928717-22,Direct,
928717-23,Direct,
928717-24,Direct,
928717-25,Direct,
928717-26,Direct,
928717-27,Direct,
928717-28,Direct,
928717-29,Direct,
928717-30,Direct,
928717-31,Direct,
928717-32,Direct,
928717-33,Direct,
928717-34,Direct,
928717-35,Direct,
928717-36,Direct,
928717-37,Direct,
928717-38,Direct,
928717-39,Direct,
928717-40,Direct,
928717-41,Control,
928717-41.2,Control,
928717-42,Control,
928728-01,Culture,
928728-02,Culture,
928728-03,Culture,
928728-04,Culture,
928728-05,Culture,
928728-06,Culture,
928728-07,Culture,
928728-08,Culture,
928728-09,Culture,
928728-10,Culture,
928728-11,Culture,
928728-12,Culture,
928728-13,Culture,
928728-14,Culture,
928728-15,Culture,
928728-16,Culture,
928728-17,Culture,
928728-18,Culture,
928728-18.2,Culture,
928728-19,Culture,
928728-20,Culture,
928728-20.2,Culture,
928728-21,Direct,
928728-22,Direct,
928728-23,Direct,
928728-24,Direct,
928728-25,Direct,
928728-26,Direct,
928728-27,Direct,
928728-28,Direct,
928728-29,Direct,
928728-30,Direct,
928728-31,Direct,
928728-32,Direct,
928728-32--1,Direct,Y
928728-33,Direct,
928728-34,Direct,
928728-35,Direct,
928728-36,Direct,
928728-37,Direct,
928728-38,Direct,
928728-39,Direct,
928728-40,Direct,
928728-41,Control,
928728-41.2,Control,
928728-42,Control,
928739-01,Culture,
928739-02,Culture,
928739-03,Culture,
928739-04,Culture,
928739-05,Culture,
928739-06,Culture,
928739-07,Culture,
928739-08,Culture,
928739-09,Culture,
928739-10,Culture,
928739-11,Culture,
928739-11.2,Culture,
928739-12,Culture,
928739-13,Culture,
928739-14,Culture,
928739-15,Culture,
928739-16,Culture,
928739-17,Culture,
928739-18,Culture,
928739-19,Culture,
928739-20,Culture,
928739-21,Direct,
928739-22,Direct,
928739-23,Direct,
928739-24,Direct,
928739-25,Direct,
928739-26,Direct,
928739-26--1,Direct,Y
928739-26--11,Direct,Y
928739-26--12,Direct,Y
928739-26--2,Direct,Y
928739-26--6,Direct,Y
928739-26--8,Direct,Y
928739-27,Direct,
928739-28,Direct,
928739-29,Direct,
928739-30,Direct,
928739-31,Direct,
928739-32,Direct,
928739-33,Direct,
928739-34,Direct,
928739-35,Direct,
928739-36,Direct,
928739-37,Direct,
928739-38,Direct,
928739-39,Direct,
928739-40,Direct,
928739-41,Control,
928739-41.2,Control,
928739-42,Control,
928740-01,Culture,
928740-02,Culture,
928740-03,Culture,
928740-03.2,Culture,
928740-04,Culture,
928740-05,Culture,
928740-06,Culture,
928740-07,Culture,
928740-08,Culture,
928740-09,Culture,
928740-09.2,Culture,
928740-09.3,Culture,
928740-09.4,Culture,
928740-10,Culture,
928740-11,Culture,
928740-11.2,Culture,
928740-12,Culture,
928740-12.2,Culture,
928740-12.3,Culture,
928740-13,Culture,
928740-14,Culture,
928740-14.2,Culture,
928740-15,Culture,
928740-16,Culture,
928740-17,Culture,
928740-18,Culture,
928740-19,Culture,
928740-20,Culture,
928740-21,Direct,
928740-22,Direct,
928740-23,Direct,
928740-24,Direct,
928740-25,Direct,
928740-26,Direct,
928740-26--1,Direct,Y
928740-26--11,Direct,Y
928740-26--2,Direct,Y
928740-26--4,Direct,Y
928740-26--5,Direct,Y
928740-26--7,Direct,Y
928740-26--9,Direct,Y
928740-27,Direct,
928740-28,Direct,
928740-29,Direct,
928740-30,Direct,
928740-31,Direct,
928740-32,Direct,
928740-33,Direct,
928740-34,Direct,
928740-35,Direct,
928740-36,Direct,
928740-37,Direct,
928740-38,Direct,
928740-39,Direct,
928740-40,Direct,
928740-41,Control,
928740-41.2,Control,
928740-42,Control,
944548-01,Culture,
944548-02,Culture,
944548-03,Culture,
944548-04,Culture,
944548-05,Culture,
944548-06,Culture,
944548-07,Culture,
944548-08,Culture,
944548-09,Culture,
944548-10,Culture,
944548-11,Culture,
944548-11.2,Culture,
944548-11.3,Culture,
944548-11.4,Culture,
944548-12,Culture,
944548-13,Culture,
944548-14,Culture,
944548-15,Culture,
944548-16,Culture,
944548-17,Culture,
944548-18,Culture,
944548-19,Culture,
944548-20,Culture,
944548-21,Direct,
944548-22,Direct,
944548-23,Direct,
944548-24,Direct,
944548-24.2,Direct,
944548-24.3,Direct,
944548-25,Direct,
944548-26,Direct,
944548-27,Direct,
944548-28,Direct,
944548-29,Direct,
944548-30,Direct,
944548-31,Control,
944548-32,Control,
944548-33,Control,
