Query sequence,Most common phylum-level assignment,Phylum-level assignment,Most common class-level assignment,Class-level assignment,Most common order-level assignment,Order-level assignment,Most common family-level assignment,Family-level assignment,Most common Genus-level assignment,Genus-level assignment,Taxon assignment,Likelihood weight,otu,otu_references,tbas_loci,missing,link,Trophic Mode,Guild
Otu1,Ascomycota,Ascomycota,Eurotiomycetes,Eurotiomycetes,Eurotiales,Eurotiales,Aspergillaceae,Aspergillaceae,Aspergillus,Aspergillus,Aspergillus_penicillioides,"0.586033, 0.325715, 0.014197, 0.013446, 0.013292",OTU0,,2,nucSSU:mitSSU:RPB1:RPB2,https://vclv99-239.hpc.ncsu.edu/tbas2_1/genetree.php?layout=xy&runnumber=4IVK2JQF&strain=Otu1,Saprotroph,Undefined Saprotroph
Otu10,Ascomycota,Ascomycota,Eurotiomycetes,Eurotiomycetes,Eurotiales,Eurotiales,Aspergillaceae,Aspergillaceae,Penicillium,Penicillium,Penicillium_chrysogenum,1.000000,OTU1,,2,nucSSU:mitSSU:RPB1:RPB2,https://vclv99-239.hpc.ncsu.edu/tbas2_1/genetree.php?layout=xy&runnumber=4IVK2JQF&strain=Otu10,Saprotroph,Undefined Saprotroph
Otu100,Ascomycota,Ascomycota,Dothideomycetes,Dothideomycetes,Pleosporales,Pleosporales,Didymellaceae,Didymellaceae,Didymella,Didymella,Didymella_coffeae_arabicae,"0.085187, 0.072825, 0.071965, 0.070902, 0.070683, 0.070144, 0.068997, 0.039754, 0.030662, 0.030404, 0.028800",OTU2,,2,nucSSU:mitSSU:RPB1:RPB2,https://vclv99-239.hpc.ncsu.edu/tbas2_1/genetree.php?layout=xy&runnumber=4IVK2JQF&strain=Otu100,Pathotroph-Saprotroph,Animal Pathogen-Plant Pathogen-Undefined Saprotroph
Otu101,Ascomycota,Ascomycota,Sordariomycetes,Sordariomycetes,Hypocreales,Hypocreales,Nectriaceae,Nectriaceae,Fusarium,Fusarium,Fusarium_napiforme,"0.364447, 0.348156, 0.286397",OTU3,,2,nucSSU:mitSSU:RPB1:RPB2,https://vclv99-239.hpc.ncsu.edu/tbas2_1/genetree.php?layout=xy&runnumber=4IVK2JQF&strain=Otu101,Pathotroph-Saprotroph-Symbiotroph,Animal Pathogen-Endophyte-Lichen Parasite-Plant Pathogen-Soil Saprotroph-Wood Saprotroph
Otu102,Ascomycota,Ascomycota,Eurotiomycetes,Eurotiomycetes,Eurotiales,Eurotiales,Aspergillaceae,Aspergillaceae,Penicillium,Penicillium,Penicillium_gracilentum,"0.780887, 0.165063, 0.020519",OTU4,,2,nucSSU:mitSSU:RPB1:RPB2,https://vclv99-239.hpc.ncsu.edu/tbas2_1/genetree.php?layout=xy&runnumber=4IVK2JQF&strain=Otu102,Saprotroph,Undefined Saprotroph
Otu103,Ascomycota,Ascomycota,Sordariomycetes,Sordariomycetes,Xylariales,Xylariales,Xylariaceae,Xylariaceae,Daldinia,Daldinia,Daldinia_eschscholtzii,1.000000,OTU5,,2,nucSSU:mitSSU:RPB1:RPB2,https://vclv99-239.hpc.ncsu.edu/tbas2_1/genetree.php?layout=xy&runnumber=4IVK2JQF&strain=Otu103,Saprotroph,Undefined Saprotroph
Otu104,Ascomycota,Ascomycota,Sordariomycetes,Sordariomycetes,Hypocreales,Hypocreales,Nectriaceae,Nectriaceae,Fusarium,Fusarium,Fusarium_acutatum,"0.726150, 0.091826, 0.077482, 0.076765",OTU6,,2,nucSSU:mitSSU:RPB1:RPB2,https://vclv99-239.hpc.ncsu.edu/tbas2_1/genetree.php?layout=xy&runnumber=4IVK2JQF&strain=Otu104,Pathotroph-Saprotroph-Symbiotroph,Animal Pathogen-Endophyte-Lichen Parasite-Plant Pathogen-Soil Saprotroph-Wood Saprotroph
Otu105,Ascomycota,Ascomycota,Eurotiomycetes,Eurotiomycetes,Eurotiales,Eurotiales,Aspergillaceae,Aspergillaceae,Penicillium,Penicillium,Penicillium_catenatum,"0.248722, 0.169612, 0.130716, 0.096523, 0.081560, 0.059459, 0.022036, 0.020920, 0.016942, 0.016629, 0.016613",OTU7,,2,nucSSU:mitSSU:RPB1:RPB2,https://vclv99-239.hpc.ncsu.edu/tbas2_1/genetree.php?layout=xy&runnumber=4IVK2JQF&strain=Otu105,Saprotroph,Undefined Saprotroph
Otu106,Ascomycota,Ascomycota,Eurotiomycetes,Eurotiomycetes,Eurotiales,Eurotiales,Aspergillaceae,Aspergillaceae,Aspergillus,Aspergillus,Aspergillus_penicillioides,"0.631090, 0.066405, 0.064211, 0.030338, 0.028853, 0.026798, 0.026419, 0.025612, 0.023968, 0.018127, 0.017808",OTU8,,2,nucSSU:mitSSU:RPB1:RPB2,https://vclv99-239.hpc.ncsu.edu/tbas2_1/genetree.php?layout=xy&runnumber=4IVK2JQF&strain=Otu106,Saprotroph,Undefined Saprotroph
Otu107,Ascomycota,Ascomycota,Sordariomycetes,Sordariomycetes,Hypocreales,Hypocreales,Bionectriaceae,Bionectriaceae,Clonostachys,Clonostachys,Clonostachys_rosea,0.996459,OTU9,,2,nucSSU:mitSSU:RPB1:RPB2,https://vclv99-239.hpc.ncsu.edu/tbas2_1/genetree.php?layout=xy&runnumber=4IVK2JQF&strain=Otu107,Pathotroph,Plant Pathogen
Otu108,Ascomycota,Ascomycota,Dothideomycetes,Dothideomycetes,Botryosphaeriales,Botryosphaeriales,Botryosphaeriaceae,Botryosphaeriaceae,Lasiodiplodia,Lasiodiplodia,Lasiodiplodia_pseudotheobromae,"0.641282, 0.089792, 0.089680, 0.089482, 0.089471",OTU10,,2,nucSSU:mitSSU:RPB1:RPB2,https://vclv99-239.hpc.ncsu.edu/tbas2_1/genetree.php?layout=xy&runnumber=4IVK2JQF&strain=Otu108,Pathotroph,Plant Pathogen
Otu109,Ascomycota,Ascomycota,Sordariomycetes,Sordariomycetes,Hypocreales,Hypocreales,Nectriaceae,Nectriaceae,Fusarium,Fusarium,Fusarium_acutatum,"0.699796, 0.104039, 0.089614, 0.072991",OTU11,,2,nucSSU:mitSSU:RPB1:RPB2,https://vclv99-239.hpc.ncsu.edu/tbas2_1/genetree.php?layout=xy&runnumber=4IVK2JQF&strain=Otu109,Pathotroph-Saprotroph-Symbiotroph,Animal Pathogen-Endophyte-Lichen Parasite-Plant Pathogen-Soil Saprotroph-Wood Saprotroph
Otu11,Ascomycota,Ascomycota,Sordariomycetes,Sordariomycetes,Glomerellales,Glomerellales,Glomerellaceae,Glomerellaceae,Colletotrichum,Colletotrichum,Colletotrichum_musae,"0.664981, 0.168058, 0.166958",OTU12,,2,nucSSU:mitSSU:RPB1:RPB2,https://vclv99-239.hpc.ncsu.edu/tbas2_1/genetree.php?layout=xy&runnumber=4IVK2JQF&strain=Otu11,Pathotroph-Symbiotroph,Endophyte-Plant Pathogen
Otu110,Ascomycota,Ascomycota,Dothideomycetes,Dothideomycetes,Botryosphaeriales,Botryosphaeriales,Botryosphaeriaceae,Botryosphaeriaceae,Neodeightonia,Neodeightonia,Neodeightonia_phoenicum,0.999997,OTU13,,2,nucSSU:mitSSU:RPB1:RPB2,https://vclv99-239.hpc.ncsu.edu/tbas2_1/genetree.php?layout=xy&runnumber=4IVK2JQF&strain=Otu110,Pathotroph,Plant Pathogen
Otu111,Ascomycota,Ascomycota,Sordariomycetes,Sordariomycetes,Diaporthales,Diaporthales,Diaporthaceae,Diaporthaceae,Diaporthe,Diaporthe,Diaporthe_longicolla,"0.265377, 0.158610, 0.153733, 0.124725, 0.115535, 0.080329, 0.069970",OTU14,,2,nucSSU:mitSSU:RPB1:RPB2,https://vclv99-239.hpc.ncsu.edu/tbas2_1/genetree.php?layout=xy&runnumber=4IVK2JQF&strain=Otu111,Pathotroph-Symbiotroph,Endophyte-Plant Pathogen
Otu112,Ascomycota,Ascomycota,Sordariomycetes,Sordariomycetes,Hypocreales,Hypocreales,Nectriaceae,Nectriaceae,Fusarium,Fusarium,Fusarium_acutatum,"0.687791, 0.109227, 0.094868, 0.071780",OTU15,,2,nucSSU:mitSSU:RPB1:RPB2,https://vclv99-239.hpc.ncsu.edu/tbas2_1/genetree.php?layout=xy&runnumber=4IVK2JQF&strain=Otu112,Pathotroph-Saprotroph-Symbiotroph,Animal Pathogen-Endophyte-Lichen Parasite-Plant Pathogen-Soil Saprotroph-Wood Saprotroph
Otu113,Ascomycota,Ascomycota,Dothideomycetes,Dothideomycetes,Botryosphaeriales,Botryosphaeriales,Botryosphaeriaceae,Botryosphaeriaceae,Lasiodiplodia,Lasiodiplodia,Lasiodiplodia_pseudotheobromae,"0.658620, 0.085486, 0.085367, 0.085156, 0.085146",OTU16,,2,nucSSU:mitSSU:RPB1:RPB2,https://vclv99-239.hpc.ncsu.edu/tbas2_1/genetree.php?layout=xy&runnumber=4IVK2JQF&strain=Otu113,Pathotroph,Plant Pathogen
Otu114,Ascomycota,Ascomycota,Sordariomycetes,Sordariomycetes,Hypocreales,Hypocreales,Nectriaceae,Nectriaceae,Fusarium,Fusarium,Fusarium_acutatum,"0.688353, 0.108651, 0.104563, 0.065174",OTU17,,2,nucSSU:mitSSU:RPB1:RPB2,https://vclv99-239.hpc.ncsu.edu/tbas2_1/genetree.php?layout=xy&runnumber=4IVK2JQF&strain=Otu114,Pathotroph-Saprotroph-Symbiotroph,Animal Pathogen-Endophyte-Lichen Parasite-Plant Pathogen-Soil Saprotroph-Wood Saprotroph
Otu115,Ascomycota,Ascomycota,Eurotiomycetes,Eurotiomycetes,Eurotiales,Eurotiales,Aspergillaceae,Aspergillaceae,Aspergillus,Aspergillus,"Aspergillus_terreus,Aspergillus_oryzae,Aspergillus_niger","0.224239, 0.191321, 0.191034, 0.190872, 0.190387",OTU18,,2,nucSSU:mitSSU:RPB1:RPB2,https://vclv99-239.hpc.ncsu.edu/tbas2_1/genetree.php?layout=xy&runnumber=4IVK2JQF&strain=Otu115,Saprotroph,Undefined Saprotroph
Otu116,Ascomycota,Ascomycota,Dothideomycetes,Dothideomycetes,Capnodiales,Capnodiales,Cladosporiaceae,Cladosporiaceae,Cladosporium,Cladosporium,Cladosporium_cladosporioides,1.000000,OTU19,,2,nucSSU:mitSSU:RPB1:RPB2,https://vclv99-239.hpc.ncsu.edu/tbas2_1/genetree.php?layout=xy&runnumber=4IVK2JQF&strain=Otu116,Pathotroph-Saprotroph-Symbiotroph,Animal Pathogen-Endophyte-Lichen Parasite-Plant Pathogen-Wood Saprotroph
Otu117,Ascomycota,Ascomycota,Dothideomycetes,Dothideomycetes,Capnodiales,Capnodiales,Cladosporiaceae,Cladosporiaceae,Cladosporium,Cladosporium,Cladosporium_cladosporioides,0.999999,OTU20,,2,nucSSU:mitSSU:RPB1:RPB2,https://vclv99-239.hpc.ncsu.edu/tbas2_1/genetree.php?layout=xy&runnumber=4IVK2JQF&strain=Otu117,Pathotroph-Saprotroph-Symbiotroph,Animal Pathogen-Endophyte-Lichen Parasite-Plant Pathogen-Wood Saprotroph
Otu118,Ascomycota,Ascomycota,Sordariomycetes,Sordariomycetes,Xylariales,Xylariales,Xylariaceae,Xylariaceae,Daldinia,Daldinia,Daldinia_concentrica,0.999897,OTU21,,2,nucSSU:mitSSU:RPB1:RPB2,https://vclv99-239.hpc.ncsu.edu/tbas2_1/genetree.php?layout=xy&runnumber=4IVK2JQF&strain=Otu118,Saprotroph,Undefined Saprotroph
Otu119,Ascomycota,Ascomycota,Pezizomycetes,Pezizomycetes,Pezizales,Pezizales,Ascobolaceae,Ascobolaceae,Ascobolus,Ascobolus,Ascobolus_crenulatus,"0.938113, 0.037395",OTU22,,2,nucSSU:mitSSU:RPB1:RPB2,https://vclv99-239.hpc.ncsu.edu/tbas2_1/genetree.php?layout=xy&runnumber=4IVK2JQF&strain=Otu119,not available,not available
Otu12,Ascomycota,Ascomycota,Dothideomycetes,Dothideomycetes,Pleosporales,Pleosporales,Didymellaceae,Didymellaceae,Didymella,Didymella,Didymella_coffeae_arabicae,"0.265197, 0.099247, 0.098537, 0.094893, 0.093451, 0.091751, 0.088671, 0.034219, 0.011926, 0.011437, 0.011436",OTU23,,2,nucSSU:mitSSU:RPB1:RPB2,https://vclv99-239.hpc.ncsu.edu/tbas2_1/genetree.php?layout=xy&runnumber=4IVK2JQF&strain=Otu12,not available,not available
Otu120,Ascomycota,Ascomycota,Eurotiomycetes,Eurotiomycetes,Eurotiales,Eurotiales,Trichocomaceae,Trichocomaceae,Talaromyces,Talaromyces,Talaromyces_apiculatus,"0.267875, 0.146097, 0.053771, 0.045990, 0.045924, 0.045914, 0.044315, 0.044149, 0.044126, 0.043607, 0.040200",OTU24,,2,nucSSU:mitSSU:RPB1:RPB2,https://vclv99-239.hpc.ncsu.edu/tbas2_1/genetree.php?layout=xy&runnumber=4IVK2JQF&strain=Otu120,not available,not available
Otu121,Ascomycota,Ascomycota,Sordariomycetes,Sordariomycetes,Hypocreales,Hypocreales,Nectriaceae,Nectriaceae,Fusarium,Fusarium,Fusarium_napiforme,"0.360489, 0.345837, 0.289971",OTU25,,2,nucSSU:mitSSU:RPB1:RPB2,https://vclv99-239.hpc.ncsu.edu/tbas2_1/genetree.php?layout=xy&runnumber=4IVK2JQF&strain=Otu121,not available,not available
Otu122,Ascomycota,Ascomycota,Dothideomycetes,Dothideomycetes,Pleosporales,Pleosporales,Pleosporaceae,Pleosporaceae,Curvularia,Curvularia,Curvularia_robusta,"0.375287, 0.180628, 0.179908, 0.179755, 0.005510, 0.005068, 0.005036, 0.005035, 0.004588, 0.004554, 0.004508",OTU26,,2,nucSSU:mitSSU:RPB1:RPB2,https://vclv99-239.hpc.ncsu.edu/tbas2_1/genetree.php?layout=xy&runnumber=4IVK2JQF&strain=Otu122,not available,not available
Otu123,Ascomycota,Ascomycota,Sordariomycetes,Sordariomycetes,Hypocreales,Hypocreales,Nectriaceae,Nectriaceae,Fusarium,Fusarium,Fusarium_acutatum,"0.578080, 0.131814, 0.121522, 0.098521, 0.060281",OTU27,,2,nucSSU:mitSSU:RPB1:RPB2,https://vclv99-239.hpc.ncsu.edu/tbas2_1/genetree.php?layout=xy&runnumber=4IVK2JQF&strain=Otu123,not available,not available
Otu124,Ascomycota,Ascomycota,Eurotiomycetes,Eurotiomycetes,Eurotiales,Eurotiales,Aspergillaceae,Aspergillaceae,Aspergillus,Aspergillus,Aspergillus_penicillioides,0.998126,OTU28,,2,nucSSU:mitSSU:RPB1:RPB2,https://vclv99-239.hpc.ncsu.edu/tbas2_1/genetree.php?layout=xy&runnumber=4IVK2JQF&strain=Otu124,not available,not available
Otu125,Ascomycota,Ascomycota,Dothideomycetes,Dothideomycetes,Botryosphaeriales,Botryosphaeriales,Botryosphaeriaceae,Botryosphaeriaceae,Lasiodiplodia,Lasiodiplodia,Lasiodiplodia_pseudotheobromae,"0.493152, 0.126318, 0.126206, 0.126115, 0.126094",OTU29,,2,nucSSU:mitSSU:RPB1:RPB2,https://vclv99-239.hpc.ncsu.edu/tbas2_1/genetree.php?layout=xy&runnumber=4IVK2JQF&strain=Otu125,not available,not available
Otu126,Ascomycota,Ascomycota,Eurotiomycetes,Eurotiomycetes,Eurotiales,Eurotiales,Aspergillaceae,Aspergillaceae,Penicillium,Penicillium,Penicillium_idahoense,"0.636559, 0.268489, 0.020542, 0.017838, 0.010846",OTU30,,2,nucSSU:mitSSU:RPB1:RPB2,https://vclv99-239.hpc.ncsu.edu/tbas2_1/genetree.php?layout=xy&runnumber=4IVK2JQF&strain=Otu126,not available,not available
Otu127,Ascomycota,Ascomycota,Eurotiomycetes,Eurotiomycetes,Eurotiales,Eurotiales,Aspergillaceae,Aspergillaceae,Aspergillus,Aspergillus,Aspergillus_penicillioides,"0.743860, 0.084299, 0.031174, 0.030988, 0.018787, 0.014127, 0.013721, 0.010141, 0.009226",OTU31,,2,nucSSU:mitSSU:RPB1:RPB2,https://vclv99-239.hpc.ncsu.edu/tbas2_1/genetree.php?layout=xy&runnumber=4IVK2JQF&strain=Otu127,not available,not available
Otu128,Ascomycota,Ascomycota,Sordariomycetes,Sordariomycetes,Hypocreales,Hypocreales,Bionectriaceae,Bionectriaceae,Trichonectria,Trichonectria,Trichonectria_setadpressa,"0.226646, 0.200075, 0.199352, 0.199348, 0.041319, 0.020800, 0.007235, 0.005051, 0.004986, 0.004026, 0.003887",OTU32,,1,nucLSU:nucSSU:mitSSU:RPB1:RPB2,https://vclv99-239.hpc.ncsu.edu/tbas2_1/genetree.php?layout=xy&runnumber=4IVK2JQF&strain=Otu128,not available,not available
Otu129,Ascomycota,Ascomycota,Eurotiomycetes,Eurotiomycetes,Eurotiales,Eurotiales,Aspergillaceae,Aspergillaceae,Aspergillus,Aspergillus,Aspergillus_penicillioides,"0.775250, 0.019850, 0.018490, 0.017936, 0.017634, 0.017524, 0.016106, 0.015910, 0.012019, 0.011571, 0.011401",OTU33,,2,nucSSU:mitSSU:RPB1:RPB2,https://vclv99-239.hpc.ncsu.edu/tbas2_1/genetree.php?layout=xy&runnumber=4IVK2JQF&strain=Otu129,not available,not available
Otu13,Ascomycota,Ascomycota,Eurotiomycetes,Eurotiomycetes,Eurotiales,Eurotiales,Aspergillaceae,Aspergillaceae,Aspergillus,Aspergillus,Aspergillus_oryzae,1.000000,OTU34,,2,nucSSU:mitSSU:RPB1:RPB2,https://vclv99-239.hpc.ncsu.edu/tbas2_1/genetree.php?layout=xy&runnumber=4IVK2JQF&strain=Otu13,not available,not available
Otu130,Ascomycota,Ascomycota,Eurotiomycetes,Eurotiomycetes,Eurotiales,Eurotiales,Aspergillaceae,Aspergillaceae,Penicillium,Penicillium,Penicillium_lagena,"0.602971, 0.127935, 0.058520, 0.057396, 0.051584, 0.010889, 0.010865, 0.010089, 0.009729, 0.009290, 0.006875",OTU35,,2,nucSSU:mitSSU:RPB1:RPB2,https://vclv99-239.hpc.ncsu.edu/tbas2_1/genetree.php?layout=xy&runnumber=4IVK2JQF&strain=Otu130,not available,not available
Otu131,Ascomycota,Ascomycota,Eurotiomycetes,Eurotiomycetes,Eurotiales,Eurotiales,Thermoascaceae,Thermoascaceae,Byssochlamys,Byssochlamys,Byssochlamys_nivea,1.000000,OTU36,,2,nucSSU:mitSSU:RPB1:RPB2,https://vclv99-239.hpc.ncsu.edu/tbas2_1/genetree.php?layout=xy&runnumber=4IVK2JQF&strain=Otu131,not available,not available
Otu132,Ascomycota,Ascomycota,Eurotiomycetes,Eurotiomycetes,Eurotiales,Eurotiales,Trichocomaceae,Trichocomaceae,Talaromyces,Talaromyces,Talaromyces_rotundus,"0.179498, 0.168755, 0.156262, 0.155175, 0.129716, 0.105174, 0.078060",OTU37,,2,nucSSU:mitSSU:RPB1:RPB2,https://vclv99-239.hpc.ncsu.edu/tbas2_1/genetree.php?layout=xy&runnumber=4IVK2JQF&strain=Otu132,not available,not available
Otu133,Ascomycota,Ascomycota,Eurotiomycetes,Eurotiomycetes,Eurotiales,Eurotiales,Aspergillaceae,Aspergillaceae,Penicillium,Penicillium,Penicillium_idahoense,"0.520128, 0.399728, 0.014099, 0.012469, 0.008308",OTU38,,2,nucSSU:mitSSU:RPB1:RPB2,https://vclv99-239.hpc.ncsu.edu/tbas2_1/genetree.php?layout=xy&runnumber=4IVK2JQF&strain=Otu133,not available,not available
Otu134,Ascomycota,Ascomycota,Eurotiomycetes,Eurotiomycetes,Eurotiales,Eurotiales,Aspergillaceae,Aspergillaceae,Penicillium,Penicillium,Penicillium_idahoense,"0.765683, 0.102040, 0.023937, 0.023916, 0.023048, 0.007025, 0.007024",OTU39,,2,nucSSU:mitSSU:RPB1:RPB2,https://vclv99-239.hpc.ncsu.edu/tbas2_1/genetree.php?layout=xy&runnumber=4IVK2JQF&strain=Otu134,not available,not available
Otu135,Ascomycota,Ascomycota,Sordariomycetes,Sordariomycetes,Hypocreales,Hypocreales,unclassified,unclassified,Sarocladium,Sarocladium,Sarocladium_strictum,"0.503878, 0.305305, 0.190818",OTU40,,2,nucSSU:mitSSU:RPB1:RPB2,https://vclv99-239.hpc.ncsu.edu/tbas2_1/genetree.php?layout=xy&runnumber=4IVK2JQF&strain=Otu135,not available,not available
Otu136,Ascomycota,Ascomycota,Eurotiomycetes,Eurotiomycetes,Eurotiales,Eurotiales,Aspergillaceae,Aspergillaceae,Aspergillus,Aspergillus,Aspergillus_penicillioides,"0.751351, 0.107477, 0.030389, 0.018993, 0.015641, 0.014990, 0.013256",OTU41,,2,nucSSU:mitSSU:RPB1:RPB2,https://vclv99-239.hpc.ncsu.edu/tbas2_1/genetree.php?layout=xy&runnumber=4IVK2JQF&strain=Otu136,not available,not available
Otu137,Ascomycota,Ascomycota,Eurotiomycetes,Eurotiomycetes,Eurotiales,Eurotiales,Aspergillaceae,Aspergillaceae,Aspergillus,Aspergillus,Aspergillus_penicillioides,"0.720131, 0.097697, 0.039100, 0.024911, 0.020072, 0.017711, 0.013889, 0.007251, 0.007127, 0.007118",OTU42,,2,nucSSU:mitSSU:RPB1:RPB2,https://vclv99-239.hpc.ncsu.edu/tbas2_1/genetree.php?layout=xy&runnumber=4IVK2JQF&strain=Otu137,not available,not available
Otu138,Ascomycota,Ascomycota,Eurotiomycetes,Eurotiomycetes,Eurotiales,Eurotiales,Aspergillaceae,Aspergillaceae,Aspergillus,Aspergillus,Aspergillus_oryzae,0.999999,OTU43,,2,nucSSU:mitSSU:RPB1:RPB2,https://vclv99-239.hpc.ncsu.edu/tbas2_1/genetree.php?layout=xy&runnumber=4IVK2JQF&strain=Otu138,not available,not available
Otu139,Ascomycota,Ascomycota,Dothideomycetes,Dothideomycetes,Botryosphaeriales,Botryosphaeriales,Botryosphaeriaceae,Botryosphaeriaceae,Lasiodiplodia,Lasiodiplodia,Lasiodiplodia_pseudotheobromae,"0.300087, 0.106037, 0.106024, 0.106019, 0.105994, 0.018004, 0.018003, 0.018003, 0.017999, 0.012894, 0.012892",OTU44,,2,nucSSU:mitSSU:RPB1:RPB2,https://vclv99-239.hpc.ncsu.edu/tbas2_1/genetree.php?layout=xy&runnumber=4IVK2JQF&strain=Otu139,not available,not available
Otu14,Ascomycota,Ascomycota,Sordariomycetes,Sordariomycetes,Hypocreales,Hypocreales,Nectriaceae,Nectriaceae,Fusarium,Fusarium,Nectria_haematococca,0.990020,OTU45,,2,nucSSU:mitSSU:RPB1:RPB2,https://vclv99-239.hpc.ncsu.edu/tbas2_1/genetree.php?layout=xy&runnumber=4IVK2JQF&strain=Otu14,not available,not available
Otu140,Ascomycota,Ascomycota,Eurotiomycetes,Eurotiomycetes,Eurotiales,Eurotiales,Aspergillaceae,Aspergillaceae,Aspergillus,Aspergillus,Aspergillus_penicillioides,"0.507111, 0.235333, 0.062623, 0.039032, 0.029963, 0.027058, 0.015618, 0.010965, 0.010733, 0.008689, 0.006805",OTU46,,2,nucSSU:mitSSU:RPB1:RPB2,https://vclv99-239.hpc.ncsu.edu/tbas2_1/genetree.php?layout=xy&runnumber=4IVK2JQF&strain=Otu140,not available,not available
Otu141,Ascomycota,Ascomycota,Eurotiomycetes,Eurotiomycetes,Eurotiales,Eurotiales,Aspergillaceae,Aspergillaceae,Aspergillus,Aspergillus,Aspergillus_penicillioides,"0.586033, 0.325715, 0.014197, 0.013446, 0.013292",OTU0,,2,nucSSU:mitSSU:RPB1:RPB2,https://vclv99-239.hpc.ncsu.edu/tbas2_1/genetree.php?layout=xy&runnumber=4IVK2JQF&strain=Otu1,not available,not available
Otu142,Ascomycota,Ascomycota,Eurotiomycetes,Eurotiomycetes,Eurotiales,Eurotiales,Aspergillaceae,Aspergillaceae,Aspergillus,Aspergillus,Aspergillus_penicillioides,0.999493,OTU47,,2,nucSSU:mitSSU:RPB1:RPB2,https://vclv99-239.hpc.ncsu.edu/tbas2_1/genetree.php?layout=xy&runnumber=4IVK2JQF&strain=Otu142,not available,not available
Otu143,Ascomycota,Ascomycota,Neolectomycetes,"Neolectomycetes,unclassified",Neolectales,"Neolectales,unclassified",Neolectaceae,"Neolectaceae,unclassified",Neolecta,"Neolecta,Saitoella","Neolecta_irregularis,Neolecta_vitellina,Saitoella_complicata","0.665924, 0.139217, 0.124523, 0.060963",OTU48,,2,nucSSU:mitSSU:RPB1:RPB2,https://vclv99-239.hpc.ncsu.edu/tbas2_1/genetree.php?layout=xy&runnumber=4IVK2JQF&strain=Otu143,not available,not available
Otu144,Ascomycota,Ascomycota,Eurotiomycetes,Eurotiomycetes,Eurotiales,Eurotiales,Aspergillaceae,Aspergillaceae,Penicillium,Penicillium,Penicillium_idahoense,"0.425653, 0.134742, 0.089177, 0.075808, 0.055834, 0.044470, 0.042462, 0.019667, 0.019303, 0.016359, 0.016356",OTU49,,2,nucSSU:mitSSU:RPB1:RPB2,https://vclv99-239.hpc.ncsu.edu/tbas2_1/genetree.php?layout=xy&runnumber=4IVK2JQF&strain=Otu144,not available,not available
Otu145,Ascomycota,Ascomycota,Sordariomycetes,Sordariomycetes,Hypocreales,Hypocreales,Nectriaceae,Nectriaceae,Fusarium,Fusarium,Nectria_haematococca,0.963556,OTU50,,2,nucSSU:mitSSU:RPB1:RPB2,https://vclv99-239.hpc.ncsu.edu/tbas2_1/genetree.php?layout=xy&runnumber=4IVK2JQF&strain=Otu145,not available,not available
Otu146,Ascomycota,Ascomycota,Neolectomycetes,"Neolectomycetes,unclassified",Neolectales,"Neolectales,unclassified",Neolectaceae,"Neolectaceae,unclassified",Neolecta,"Neolecta,Saitoella","Neolecta_irregularis,Neolecta_vitellina,Saitoella_complicata","0.725648, 0.110565, 0.109158, 0.016934",OTU51,,2,nucSSU:mitSSU:RPB1:RPB2,https://vclv99-239.hpc.ncsu.edu/tbas2_1/genetree.php?layout=xy&runnumber=4IVK2JQF&strain=Otu146,not available,not available
Otu147,Ascomycota,Ascomycota,Neolectomycetes,"Neolectomycetes,unclassified",Neolectales,"Neolectales,unclassified",Neolectaceae,"Neolectaceae,unclassified",Neolecta,"Neolecta,Saitoella","Neolecta_irregularis,Neolecta_vitellina,Saitoella_complicata","0.726077, 0.118613, 0.105297, 0.022768",OTU52,,2,nucSSU:mitSSU:RPB1:RPB2,https://vclv99-239.hpc.ncsu.edu/tbas2_1/genetree.php?layout=xy&runnumber=4IVK2JQF&strain=Otu147,not available,not available
Otu148,Ascomycota,Ascomycota,Neolectomycetes,"Neolectomycetes,unclassified",Neolectales,"Neolectales,unclassified",Neolectaceae,"Neolectaceae,unclassified",Neolecta,"Neolecta,Saitoella","Neolecta_irregularis,Neolecta_vitellina,Saitoella_complicata","0.517032, 0.274860, 0.093403, 0.052589, 0.032367",OTU53,,2,nucSSU:mitSSU:RPB1:RPB2,https://vclv99-239.hpc.ncsu.edu/tbas2_1/genetree.php?layout=xy&runnumber=4IVK2JQF&strain=Otu148,not available,not available
Otu149,Ascomycota,Ascomycota,Neolectomycetes,"Neolectomycetes,unclassified",Neolectales,"Neolectales,unclassified",Neolectaceae,"Neolectaceae,unclassified",Neolecta,"Neolecta,Saitoella","Neolecta_irregularis,Neolecta_vitellina,Saitoella_complicata","0.829737, 0.066777, 0.065322",OTU54,,2,nucSSU:mitSSU:RPB1:RPB2,https://vclv99-239.hpc.ncsu.edu/tbas2_1/genetree.php?layout=xy&runnumber=4IVK2JQF&strain=Otu149,not available,not available
Otu15,Ascomycota,Ascomycota,Saccharomycetes,Saccharomycetes,Saccharomycetales,Saccharomycetales,Dipodascaceae,Dipodascaceae,Yarrowia,Yarrowia,Yarrowia_lipolytica,0.983133,OTU55,,2,nucSSU:mitSSU:RPB1:RPB2,https://vclv99-239.hpc.ncsu.edu/tbas2_1/genetree.php?layout=xy&runnumber=4IVK2JQF&strain=Otu15,not available,not available
Otu150,Ascomycota,Ascomycota,Neolectomycetes,"Neolectomycetes,unclassified",Neolectales,"Neolectales,unclassified",Neolectaceae,"Neolectaceae,unclassified",Neolecta,"Neolecta,Saitoella","Neolecta_irregularis,Neolecta_vitellina,Saitoella_complicata","0.532926, 0.267493, 0.085387, 0.055522, 0.030034",OTU56,,2,nucSSU:mitSSU:RPB1:RPB2,https://vclv99-239.hpc.ncsu.edu/tbas2_1/genetree.php?layout=xy&runnumber=4IVK2JQF&strain=Otu150,not available,not available
Otu151,Ascomycota,Ascomycota,Taphrinomycetes,Taphrinomycetes,Taphrinales,Taphrinales,Taphrinaceae,"Taphrinaceae,Protomycetaceae",Taphrina,"Taphrina,Protomyces","Protomyces_inouyei,Taphrina_communis,Taphrina_deformans,Taphrina_wiesneri",0.958929,OTU57,,2,nucSSU:mitSSU:RPB1:RPB2,https://vclv99-239.hpc.ncsu.edu/tbas2_1/genetree.php?layout=xy&runnumber=4IVK2JQF&strain=Otu151,not available,not available
Otu152,Ascomycota,Ascomycota,Neolectomycetes,"Neolectomycetes,unclassified",Neolectales,"Neolectales,unclassified",Neolectaceae,"Neolectaceae,unclassified",Neolecta,"Neolecta,Saitoella","Neolecta_irregularis,Neolecta_vitellina,Saitoella_complicata","0.485109, 0.142100, 0.097084, 0.094204, 0.093655, 0.053322",OTU58,,2,nucSSU:mitSSU:RPB1:RPB2,https://vclv99-239.hpc.ncsu.edu/tbas2_1/genetree.php?layout=xy&runnumber=4IVK2JQF&strain=Otu152,not available,not available
Otu153,Ascomycota,Ascomycota,Taphrinomycetes,"Taphrinomycetes,Schizosaccharomycetes,Pneumocystidomycetes",Taphrinales,"Taphrinales,Schizosaccharomycetales,Pneumocystidales",Taphrinaceae,"Taphrinaceae,Schizosaccharomycetaceae,Protomycetaceae,Pneumocystidaceae",Taphrina,"Taphrina,Schizosaccharomyces,Protomyces,Pneumocystis","Taphrina_communis,Taphrina_deformans,Schizosaccharomyces_pombe,Protomyces_inouyei,Pneumocystis_carinii,Taphrina_wiesneri","0.325154, 0.316703, 0.310777",OTU59,,2,nucSSU:mitSSU:RPB1:RPB2,https://vclv99-239.hpc.ncsu.edu/tbas2_1/genetree.php?layout=xy&runnumber=4IVK2JQF&strain=Otu153,not available,not available
Otu154,Ascomycota,Ascomycota,Saccharomycetes,Saccharomycetes,Saccharomycetales,Saccharomycetales,Saccharomycetaceae,"Saccharomycetaceae,Debaryomycetaceae,unclassified,Trichomonascaceae,Dipodascaceae,Eremotheciaceae",Candida,"Candida,Kluyveromyces,Zygoascus,Yarrowia,Meyerozyma,Lachancea,Eremothecium,Saccharomyces,Debaryomyces,Naumovozyma","Kluyveromyces_lactis,Zygoascus_hellenicus,Yarrowia_lipolytica,Meyerozyma_guilliermondii,Lachancea_waltii,Eremothecium_gossypii,Candida_glabrata,Candida_albicans,Saccharomyces_cerevisiae,Debaryomyces_hansenii,Naumovozyma_castellii",0.952334,OTU60,,2,nucSSU:mitSSU:RPB1:RPB2,https://vclv99-239.hpc.ncsu.edu/tbas2_1/genetree.php?layout=xy&runnumber=4IVK2JQF&strain=Otu154,not available,not available
Otu155,Ascomycota,Ascomycota,Saccharomycetes,Saccharomycetes,Saccharomycetales,Saccharomycetales,Saccharomycetaceae,Saccharomycetaceae,Saccharomyces,Saccharomyces,Saccharomyces_cerevisiae,"0.508029, 0.347749, 0.063659, 0.049838",OTU61,,2,nucSSU:mitSSU:RPB1:RPB2,https://vclv99-239.hpc.ncsu.edu/tbas2_1/genetree.php?layout=xy&runnumber=4IVK2JQF&strain=Otu155,not available,not available
Otu156,Ascomycota,Ascomycota,Schizosaccharomycetes,Schizosaccharomycetes,Schizosaccharomycetales,Schizosaccharomycetales,Schizosaccharomycetaceae,Schizosaccharomycetaceae,Schizosaccharomyces,Schizosaccharomyces,Schizosaccharomyces_pombe,"0.564136, 0.213534, 0.110445, 0.029341, 0.028055, 0.027060",OTU62,,2,nucSSU:mitSSU:RPB1:RPB2,https://vclv99-239.hpc.ncsu.edu/tbas2_1/genetree.php?layout=xy&runnumber=4IVK2JQF&strain=Otu156,not available,not available
Otu157,Ascomycota,Ascomycota,Eurotiomycetes,Eurotiomycetes,Eurotiales,Eurotiales,Aspergillaceae,Aspergillaceae,Aspergillus,Aspergillus,Aspergillus_penicillioides,"0.491208, 0.309174, 0.044108, 0.044071, 0.025041, 0.011112, 0.005883, 0.005735, 0.005479, 0.005451, 0.005387",OTU63,,1,nucLSU:nucSSU:mitSSU:RPB1:RPB2,https://vclv99-239.hpc.ncsu.edu/tbas2_1/genetree.php?layout=xy&runnumber=4IVK2JQF&strain=Otu157,not available,not available
Otu158,Ascomycota,Ascomycota,Eurotiomycetes,Eurotiomycetes,Eurotiales,Eurotiales,Aspergillaceae,Aspergillaceae,Penicillium,Penicillium,Penicillium_lagena,"0.145652, 0.097112, 0.076110, 0.065127, 0.060058, 0.057847, 0.056661, 0.050198, 0.043222, 0.040656, 0.020986",OTU64,,2,nucSSU:mitSSU:RPB1:RPB2,https://vclv99-239.hpc.ncsu.edu/tbas2_1/genetree.php?layout=xy&runnumber=4IVK2JQF&strain=Otu158,not available,not available
Otu159,Ascomycota,Ascomycota,Neolectomycetes,"Neolectomycetes,unclassified",Neolectales,"Neolectales,unclassified",Neolectaceae,"Neolectaceae,unclassified",Neolecta,"Neolecta,Saitoella","Neolecta_irregularis,Neolecta_vitellina,Saitoella_complicata","0.212295, 0.159139, 0.144184, 0.141777, 0.115049, 0.039996, 0.033459, 0.028456, 0.028427, 0.028340, 0.026875",OTU65,,2,nucSSU:mitSSU:RPB1:RPB2,https://vclv99-239.hpc.ncsu.edu/tbas2_1/genetree.php?layout=xy&runnumber=4IVK2JQF&strain=Otu159,not available,not available
Otu16,Ascomycota,Ascomycota,Sordariomycetes,Sordariomycetes,Diaporthales,Diaporthales,Diaporthaceae,Diaporthaceae,Diaporthe,Diaporthe,"Diaporthe_eres,Diaporthe_longicolla,Diaporthe_phaseolorum","0.344749, 0.328054, 0.309383",OTU66,,2,nucSSU:mitSSU:RPB1:RPB2,https://vclv99-239.hpc.ncsu.edu/tbas2_1/genetree.php?layout=xy&runnumber=4IVK2JQF&strain=Otu16,not available,not available
Otu160,Ascomycota,Ascomycota,Eurotiomycetes,Eurotiomycetes,Eurotiales,Eurotiales,Aspergillaceae,Aspergillaceae,Aspergillus,Aspergillus,Aspergillus_penicillioides,"0.729297, 0.149739, 0.069976, 0.011403",OTU67,,2,nucSSU:mitSSU:RPB1:RPB2,https://vclv99-239.hpc.ncsu.edu/tbas2_1/genetree.php?layout=xy&runnumber=4IVK2JQF&strain=Otu160,not available,not available
Otu161,Ascomycota,Ascomycota,Eurotiomycetes,Eurotiomycetes,Eurotiales,Eurotiales,Aspergillaceae,Aspergillaceae,Aspergillus,Aspergillus,Aspergillus_penicillioides,0.999839,OTU68,,2,nucSSU:mitSSU:RPB1:RPB2,https://vclv99-239.hpc.ncsu.edu/tbas2_1/genetree.php?layout=xy&runnumber=4IVK2JQF&strain=Otu161,not available,not available
Otu162,Ascomycota,Ascomycota,Sordariomycetes,Sordariomycetes,Microascales,Microascales,Microascaceae,Microascaceae,Microascus,Microascus,"Microascus_longirostris,Microascus_trigonosporus","0.296303, 0.232018, 0.220042, 0.129699, 0.121938",OTU69,,2,nucSSU:mitSSU:RPB1:RPB2,https://vclv99-239.hpc.ncsu.edu/tbas2_1/genetree.php?layout=xy&runnumber=4IVK2JQF&strain=Otu162,not available,not available
Otu163,Ascomycota,Ascomycota,Eurotiomycetes,Eurotiomycetes,Eurotiales,Eurotiales,Aspergillaceae,Aspergillaceae,Penicillium,Penicillium,Penicillium_lassenii,"0.198705, 0.089125, 0.083372, 0.083368, 0.080813, 0.053564, 0.053541, 0.053531, 0.041549, 0.025517, 0.022151",OTU70,,1,nucLSU:nucSSU:mitSSU:RPB1:RPB2,https://vclv99-239.hpc.ncsu.edu/tbas2_1/genetree.php?layout=xy&runnumber=4IVK2JQF&strain=Otu163,not available,not available
Otu164,Ascomycota,Ascomycota,Neolectomycetes,"Neolectomycetes,unclassified",Neolectales,"Neolectales,unclassified",Neolectaceae,"Neolectaceae,unclassified",Neolecta,"Neolecta,Saitoella","Neolecta_irregularis,Neolecta_vitellina,Saitoella_complicata","0.758070, 0.089067, 0.084152, 0.022485",OTU71,,2,nucSSU:mitSSU:RPB1:RPB2,https://vclv99-239.hpc.ncsu.edu/tbas2_1/genetree.php?layout=xy&runnumber=4IVK2JQF&strain=Otu164,not available,not available
Otu165,Ascomycota,Ascomycota,Neolectomycetes,"Neolectomycetes,unclassified",Neolectales,"Neolectales,unclassified",Neolectaceae,"Neolectaceae,unclassified",Neolecta,"Neolecta,Saitoella","Neolecta_irregularis,Neolecta_vitellina,Saitoella_complicata","0.303741, 0.280470, 0.139103, 0.114417, 0.106387, 0.030143",OTU72,,2,nucSSU:mitSSU:RPB1:RPB2,https://vclv99-239.hpc.ncsu.edu/tbas2_1/genetree.php?layout=xy&runnumber=4IVK2JQF&strain=Otu165,not available,not available
Otu166,Ascomycota,Ascomycota,Sordariomycetes,Sordariomycetes,Hypocreales,Hypocreales,Cordycipitaceae,Cordycipitaceae,Torrubiella,"Torrubiella,Akanthomyces,Lecanicillium,Simplicillium,Hevansia","Akanthomyces_arachnophilus,Lecanicillium_tenuipes,Lecanicillium_antillanum,Torrubiella_wallacei,Simplicillium_lamellicola,Hevansia_novoguineensis,Torrubiella_arachnophilus,Torrubiella_alba,Akanthomyces_cinereus,Simplicillium_lanosoniveum,Torrubiella_ratticaudata","0.480043, 0.223399, 0.204748, 0.023097, 0.020894",OTU73,,2,nucSSU:mitSSU:RPB1:RPB2,https://vclv99-239.hpc.ncsu.edu/tbas2_1/genetree.php?layout=xy&runnumber=4IVK2JQF&strain=Otu166,not available,not available
Otu167,Ascomycota,Ascomycota,Eurotiomycetes,Eurotiomycetes,Eurotiales,Eurotiales,Aspergillaceae,Aspergillaceae,Penicillium,Penicillium,Penicillium_lassenii,"0.593664, 0.095857, 0.062638, 0.062377, 0.061968, 0.061891, 0.012186",OTU74,,1,nucLSU:nucSSU:mitSSU:RPB1:RPB2,https://vclv99-239.hpc.ncsu.edu/tbas2_1/genetree.php?layout=xy&runnumber=4IVK2JQF&strain=Otu167,not available,not available
Otu168,Ascomycota,Ascomycota,Eurotiomycetes,Eurotiomycetes,Eurotiales,Eurotiales,Aspergillaceae,Aspergillaceae,Aspergillus,Aspergillus,Aspergillus_protuberus,0.999118,OTU75,Aspergillus_protuberus,2,nucSSU:mitSSU:RPB1:RPB2,https://vclv99-239.hpc.ncsu.edu/tbas2_1/genetree.php?layout=xy&runnumber=4IVK2JQF&strain=Otu168,not available,not available
Otu169,Ascomycota,Ascomycota,Sordariomycetes,Sordariomycetes,Hypocreales,Hypocreales,Cordycipitaceae,Cordycipitaceae,Torrubiella,Torrubiella,Torrubiella_wallacei,"0.313919, 0.187999, 0.123796, 0.085801, 0.085344, 0.063157, 0.046679, 0.034951, 0.026164",OTU76,,2,nucSSU:mitSSU:RPB1:RPB2,https://vclv99-239.hpc.ncsu.edu/tbas2_1/genetree.php?layout=xy&runnumber=4IVK2JQF&strain=Otu169,not available,not available
Otu17,Ascomycota,Ascomycota,Dothideomycetes,Dothideomycetes,Pleosporales,Pleosporales,Pleosporaceae,Pleosporaceae,Curvularia,Curvularia,Curvularia_robusta,"0.737471, 0.067708, 0.062862, 0.008780, 0.008760, 0.008754, 0.008753, 0.008744, 0.008736, 0.007369, 0.007356",OTU77,,2,nucSSU:mitSSU:RPB1:RPB2,https://vclv99-239.hpc.ncsu.edu/tbas2_1/genetree.php?layout=xy&runnumber=4IVK2JQF&strain=Otu17,not available,not available
Otu170,Ascomycota,Ascomycota,Eurotiomycetes,Eurotiomycetes,Eurotiales,Eurotiales,Aspergillaceae,Aspergillaceae,Aspergillus,Aspergillus,Aspergillus_penicillioides,"0.349777, 0.086059, 0.081010, 0.064060, 0.063277, 0.053454, 0.052327, 0.050358, 0.050030, 0.043349, 0.038698",OTU78,,2,nucSSU:mitSSU:RPB1:RPB2,https://vclv99-239.hpc.ncsu.edu/tbas2_1/genetree.php?layout=xy&runnumber=4IVK2JQF&strain=Otu170,not available,not available
Otu171,Ascomycota,Ascomycota,Sordariomycetes,Sordariomycetes,Hypocreales,Hypocreales,Nectriaceae,Nectriaceae,Fusarium,Fusarium,Nectria_haematococca,0.971842,OTU79,,2,nucSSU:mitSSU:RPB1:RPB2,https://vclv99-239.hpc.ncsu.edu/tbas2_1/genetree.php?layout=xy&runnumber=4IVK2JQF&strain=Otu171,not available,not available
Otu172,Ascomycota,Ascomycota,Sordariomycetes,Sordariomycetes,Hypocreales,Hypocreales,Nectriaceae,Nectriaceae,Neocosmospora,Neocosmospora,Neocosmospora_rubicola,"0.364354, 0.328772, 0.299783",OTU80,,2,nucSSU:mitSSU:RPB1:RPB2,https://vclv99-239.hpc.ncsu.edu/tbas2_1/genetree.php?layout=xy&runnumber=4IVK2JQF&strain=Otu172,not available,not available
Otu173,Ascomycota,Ascomycota,Eurotiomycetes,Eurotiomycetes,Eurotiales,Eurotiales,Aspergillaceae,Aspergillaceae,Penicillium,Penicillium,Penicillium_chrysogenum,0.996504,OTU81,,2,nucSSU:mitSSU:RPB1:RPB2,https://vclv99-239.hpc.ncsu.edu/tbas2_1/genetree.php?layout=xy&runnumber=4IVK2JQF&strain=Otu173,not available,not available
Otu174,Ascomycota,Ascomycota,Eurotiomycetes,Eurotiomycetes,Eurotiales,Eurotiales,Aspergillaceae,Aspergillaceae,Aspergillus,Aspergillus,Aspergillus_oryzae,0.999912,OTU82,,2,nucSSU:mitSSU:RPB1:RPB2,https://vclv99-239.hpc.ncsu.edu/tbas2_1/genetree.php?layout=xy&runnumber=4IVK2JQF&strain=Otu174,not available,not available
Otu175,Ascomycota,Ascomycota,Eurotiomycetes,Eurotiomycetes,Eurotiales,Eurotiales,Aspergillaceae,Aspergillaceae,Penicillium,Penicillium,Penicillium_janthinellum,"0.780463, 0.094385, 0.054593, 0.054180",OTU83,,2,nucSSU:mitSSU:RPB1:RPB2,https://vclv99-239.hpc.ncsu.edu/tbas2_1/genetree.php?layout=xy&runnumber=4IVK2JQF&strain=Otu175,not available,not available
Otu176,Ascomycota,Ascomycota,Sordariomycetes,Sordariomycetes,Hypocreales,Hypocreales,Nectriaceae,Nectriaceae,Fusarium,Fusarium,Fusarium_acutatum,"0.575958, 0.137840, 0.127273, 0.088064, 0.061364",OTU84,,2,nucSSU:mitSSU:RPB1:RPB2,https://vclv99-239.hpc.ncsu.edu/tbas2_1/genetree.php?layout=xy&runnumber=4IVK2JQF&strain=Otu176,not available,not available
Otu177,Ascomycota,Ascomycota,Eurotiomycetes,Eurotiomycetes,Eurotiales,Eurotiales,Aspergillaceae,Aspergillaceae,Aspergillus,Aspergillus,Aspergillus_niger,1.000000,OTU85,,2,nucSSU:mitSSU:RPB1:RPB2,https://vclv99-239.hpc.ncsu.edu/tbas2_1/genetree.php?layout=xy&runnumber=4IVK2JQF&strain=Otu177,not available,not available
Otu178,Ascomycota,Ascomycota,Sordariomycetes,Sordariomycetes,Hypocreales,Hypocreales,Nectriaceae,Nectriaceae,Fusarium,Fusarium,Fusarium_fujikuroi,"0.214600, 0.168028, 0.167900, 0.155678, 0.155664, 0.067672, 0.067374",OTU86,,2,nucSSU:mitSSU:RPB1:RPB2,https://vclv99-239.hpc.ncsu.edu/tbas2_1/genetree.php?layout=xy&runnumber=4IVK2JQF&strain=Otu178,not available,not available
Otu179,Ascomycota,Ascomycota,Sordariomycetes,Sordariomycetes,Hypocreales,Hypocreales,Nectriaceae,Nectriaceae,Fusarium,Fusarium,Fusarium_acutatum,"0.654363, 0.110228, 0.097759, 0.092213",OTU87,,2,nucSSU:mitSSU:RPB1:RPB2,https://vclv99-239.hpc.ncsu.edu/tbas2_1/genetree.php?layout=xy&runnumber=4IVK2JQF&strain=Otu179,not available,not available
Otu18,Ascomycota,Ascomycota,Eurotiomycetes,Eurotiomycetes,Eurotiales,Eurotiales,Aspergillaceae,Aspergillaceae,Aspergillus,Aspergillus,Aspergillus_penicillioides,"0.731149, 0.064975, 0.038725, 0.029169, 0.022378, 0.020817, 0.020105, 0.013002, 0.012238",OTU88,,2,nucSSU:mitSSU:RPB1:RPB2,https://vclv99-239.hpc.ncsu.edu/tbas2_1/genetree.php?layout=xy&runnumber=4IVK2JQF&strain=Otu18,not available,not available
Otu180,Ascomycota,Ascomycota,Sordariomycetes,Sordariomycetes,Hypocreales,Hypocreales,Nectriaceae,Nectriaceae,Fusarium,Fusarium,Fusarium_acutatum,"0.696725, 0.109068, 0.094152, 0.066131",OTU89,,2,nucSSU:mitSSU:RPB1:RPB2,https://vclv99-239.hpc.ncsu.edu/tbas2_1/genetree.php?layout=xy&runnumber=4IVK2JQF&strain=Otu180,not available,not available
Otu181,Ascomycota,Ascomycota,Sordariomycetes,Sordariomycetes,Hypocreales,Hypocreales,Nectriaceae,Nectriaceae,Fusarium,Fusarium,Nectria_haematococca,"0.586577, 0.207926, 0.204044",OTU90,,2,nucSSU:mitSSU:RPB1:RPB2,https://vclv99-239.hpc.ncsu.edu/tbas2_1/genetree.php?layout=xy&runnumber=4IVK2JQF&strain=Otu181,not available,not available
Otu182,Ascomycota,Ascomycota,Sordariomycetes,Sordariomycetes,Hypocreales,Hypocreales,Bionectriaceae,Bionectriaceae,Clonostachys,Clonostachys,Clonostachys_rosea,0.999037,OTU91,,2,nucSSU:mitSSU:RPB1:RPB2,https://vclv99-239.hpc.ncsu.edu/tbas2_1/genetree.php?layout=xy&runnumber=4IVK2JQF&strain=Otu182,not available,not available
Otu183,Ascomycota,Ascomycota,Dothideomycetes,Dothideomycetes,Botryosphaeriales,Botryosphaeriales,Botryosphaeriaceae,Botryosphaeriaceae,Lasiodiplodia,Lasiodiplodia,Lasiodiplodia_pseudotheobromae,"0.592851, 0.101899, 0.101671, 0.101514, 0.101499",OTU92,,2,nucSSU:mitSSU:RPB1:RPB2,https://vclv99-239.hpc.ncsu.edu/tbas2_1/genetree.php?layout=xy&runnumber=4IVK2JQF&strain=Otu183,not available,not available
Otu184,Ascomycota,Ascomycota,Dothideomycetes,Dothideomycetes,Botryosphaeriales,Botryosphaeriales,Botryosphaeriaceae,Botryosphaeriaceae,Lasiodiplodia,Lasiodiplodia,Lasiodiplodia_pseudotheobromae,"0.196063, 0.140367, 0.137657, 0.137653, 0.137623, 0.020589, 0.017219, 0.017219, 0.017215, 0.016417, 0.012547",OTU93,,2,nucSSU:mitSSU:RPB1:RPB2,https://vclv99-239.hpc.ncsu.edu/tbas2_1/genetree.php?layout=xy&runnumber=4IVK2JQF&strain=Otu184,not available,not available
Otu185,Ascomycota,Ascomycota,Sordariomycetes,Sordariomycetes,Hypocreales,Hypocreales,Nectriaceae,Nectriaceae,Fusarium,Fusarium,Nectria_haematococca,"0.538803, 0.224758, 0.224725",OTU94,,2,nucSSU:mitSSU:RPB1:RPB2,https://vclv99-239.hpc.ncsu.edu/tbas2_1/genetree.php?layout=xy&runnumber=4IVK2JQF&strain=Otu185,not available,not available
Otu186,Ascomycota,Ascomycota,Eurotiomycetes,Eurotiomycetes,Eurotiales,Eurotiales,Aspergillaceae,Aspergillaceae,Aspergillus,Aspergillus,Aspergillus_protuberus,0.999790,OTU95,,2,nucSSU:mitSSU:RPB1:RPB2,https://vclv99-239.hpc.ncsu.edu/tbas2_1/genetree.php?layout=xy&runnumber=4IVK2JQF&strain=Otu186,not available,not available
Otu187,Ascomycota,Ascomycota,Eurotiomycetes,Eurotiomycetes,Eurotiales,Eurotiales,Aspergillaceae,Aspergillaceae,Penicillium,Penicillium,Penicillium_hirayamae,"0.629148, 0.363234",OTU96,,2,nucSSU:mitSSU:RPB1:RPB2,https://vclv99-239.hpc.ncsu.edu/tbas2_1/genetree.php?layout=xy&runnumber=4IVK2JQF&strain=Otu187,not available,not available
Otu188,Ascomycota,Ascomycota,Sordariomycetes,Sordariomycetes,Hypocreales,Hypocreales,Hypocreaceae,Hypocreaceae,Trichoderma,Trichoderma,Trichoderma_citrinoviride,0.999999,OTU97,,2,nucSSU:mitSSU:RPB1:RPB2,https://vclv99-239.hpc.ncsu.edu/tbas2_1/genetree.php?layout=xy&runnumber=4IVK2JQF&strain=Otu188,not available,not available
Otu189,Ascomycota,Ascomycota,Eurotiomycetes,Eurotiomycetes,Eurotiales,Eurotiales,Aspergillaceae,Aspergillaceae,Aspergillus,Aspergillus,Aspergillus_penicillioides,"0.789537, 0.093272, 0.023074, 0.021479, 0.021134, 0.011883",OTU98,,2,nucSSU:mitSSU:RPB1:RPB2,https://vclv99-239.hpc.ncsu.edu/tbas2_1/genetree.php?layout=xy&runnumber=4IVK2JQF&strain=Otu189,not available,not available
Otu19,Ascomycota,Ascomycota,Eurotiomycetes,Eurotiomycetes,Eurotiales,Eurotiales,Aspergillaceae,Aspergillaceae,Aspergillus,Aspergillus,Aspergillus_penicillioides,"0.698298, 0.206030, 0.016942, 0.015866, 0.012423, 0.010737",OTU99,,2,nucSSU:mitSSU:RPB1:RPB2,https://vclv99-239.hpc.ncsu.edu/tbas2_1/genetree.php?layout=xy&runnumber=4IVK2JQF&strain=Otu19,not available,not available
Otu190,Ascomycota,Ascomycota,Eurotiomycetes,Eurotiomycetes,Eurotiales,Eurotiales,Aspergillaceae,Aspergillaceae,Aspergillus,Aspergillus,Aspergillus_penicillioides,"0.476015, 0.427687, 0.017191, 0.015569, 0.012518, 0.009583",OTU100,,2,nucSSU:mitSSU:RPB1:RPB2,https://vclv99-239.hpc.ncsu.edu/tbas2_1/genetree.php?layout=xy&runnumber=4IVK2JQF&strain=Otu190,not available,not available
Otu191,Ascomycota,Ascomycota,Eurotiomycetes,Eurotiomycetes,Eurotiales,Eurotiales,Aspergillaceae,Aspergillaceae,Aspergillus,Aspergillus,Aspergillus_penicillioides,"0.463210, 0.450919, 0.015667, 0.014198, 0.011194",OTU101,,2,nucSSU:mitSSU:RPB1:RPB2,https://vclv99-239.hpc.ncsu.edu/tbas2_1/genetree.php?layout=xy&runnumber=4IVK2JQF&strain=Otu191,not available,not available
Otu192,Ascomycota,Ascomycota,Eurotiomycetes,Eurotiomycetes,Eurotiales,Eurotiales,Aspergillaceae,Aspergillaceae,Aspergillus,Aspergillus,Aspergillus_penicillioides,"0.554107, 0.344130, 0.016631, 0.015328, 0.014589, 0.010517",OTU102,,2,nucSSU:mitSSU:RPB1:RPB2,https://vclv99-239.hpc.ncsu.edu/tbas2_1/genetree.php?layout=xy&runnumber=4IVK2JQF&strain=Otu192,not available,not available
Otu193,Ascomycota,Ascomycota,Eurotiomycetes,Eurotiomycetes,Eurotiales,Eurotiales,Aspergillaceae,Aspergillaceae,Aspergillus,Aspergillus,Aspergillus_penicillioides,"0.586033, 0.325715, 0.014197, 0.013446, 0.013292",OTU0,,2,nucSSU:mitSSU:RPB1:RPB2,https://vclv99-239.hpc.ncsu.edu/tbas2_1/genetree.php?layout=xy&runnumber=4IVK2JQF&strain=Otu1,not available,not available
Otu194,Ascomycota,Ascomycota,Eurotiomycetes,Eurotiomycetes,Eurotiales,Eurotiales,Aspergillaceae,Aspergillaceae,Penicillium,Penicillium,Penicillium_hirayamae,"0.760649, 0.228227",OTU103,,2,nucSSU:mitSSU:RPB1:RPB2,https://vclv99-239.hpc.ncsu.edu/tbas2_1/genetree.php?layout=xy&runnumber=4IVK2JQF&strain=Otu194,not available,not available
Otu195,Ascomycota,Ascomycota,Eurotiomycetes,Eurotiomycetes,Eurotiales,Eurotiales,Aspergillaceae,Aspergillaceae,Penicillium,Penicillium,Penicillium_idahoense,"0.750209, 0.201157",OTU104,,2,nucSSU:mitSSU:RPB1:RPB2,https://vclv99-239.hpc.ncsu.edu/tbas2_1/genetree.php?layout=xy&runnumber=4IVK2JQF&strain=Otu195,not available,not available
Otu196,Ascomycota,Ascomycota,Eurotiomycetes,Eurotiomycetes,Eurotiales,Eurotiales,Aspergillaceae,Aspergillaceae,Penicillium,Penicillium,Penicillium_chrysogenum,1.000000,OTU105,,2,nucSSU:mitSSU:RPB1:RPB2,https://vclv99-239.hpc.ncsu.edu/tbas2_1/genetree.php?layout=xy&runnumber=4IVK2JQF&strain=Otu196,not available,not available
Otu197,Ascomycota,Ascomycota,Eurotiomycetes,Eurotiomycetes,Eurotiales,Eurotiales,Aspergillaceae,Aspergillaceae,Penicillium,Penicillium,Penicillium_chrysogenum,0.999894,OTU106,,2,nucSSU:mitSSU:RPB1:RPB2,https://vclv99-239.hpc.ncsu.edu/tbas2_1/genetree.php?layout=xy&runnumber=4IVK2JQF&strain=Otu197,not available,not available
Otu198,Ascomycota,Ascomycota,Eurotiomycetes,Eurotiomycetes,Eurotiales,Eurotiales,Aspergillaceae,Aspergillaceae,Aspergillus,Aspergillus,Aspergillus_penicillioides,"0.721535, 0.090662, 0.083630, 0.014552, 0.014262, 0.013843, 0.006183, 0.005683",OTU107,,2,nucSSU:mitSSU:RPB1:RPB2,https://vclv99-239.hpc.ncsu.edu/tbas2_1/genetree.php?layout=xy&runnumber=4IVK2JQF&strain=Otu198,not available,not available
Otu199,Ascomycota,Ascomycota,Eurotiomycetes,Eurotiomycetes,Eurotiales,Eurotiales,Aspergillaceae,Aspergillaceae,Penicillium,Penicillium,Penicillium_idahoense,"0.632241, 0.284157, 0.016162, 0.010604, 0.009698",OTU108,,2,nucSSU:mitSSU:RPB1:RPB2,https://vclv99-239.hpc.ncsu.edu/tbas2_1/genetree.php?layout=xy&runnumber=4IVK2JQF&strain=Otu199,not available,not available
Otu2,Ascomycota,Ascomycota,Dothideomycetes,Dothideomycetes,Botryosphaeriales,Botryosphaeriales,Botryosphaeriaceae,Botryosphaeriaceae,Lasiodiplodia,Lasiodiplodia,Lasiodiplodia_pseudotheobromae,0.955696,OTU109,,2,nucSSU:mitSSU:RPB1:RPB2,https://vclv99-239.hpc.ncsu.edu/tbas2_1/genetree.php?layout=xy&runnumber=4IVK2JQF&strain=Otu2,not available,not available
Otu20,Ascomycota,Ascomycota,Sordariomycetes,Sordariomycetes,Glomerellales,Glomerellales,Glomerellaceae,Glomerellaceae,Colletotrichum,Colletotrichum,Colletotrichum_musae,"0.558385, 0.220971, 0.220642",OTU110,,2,nucSSU:mitSSU:RPB1:RPB2,https://vclv99-239.hpc.ncsu.edu/tbas2_1/genetree.php?layout=xy&runnumber=4IVK2JQF&strain=Otu20,not available,not available
Otu200,Ascomycota,Ascomycota,Eurotiomycetes,Eurotiomycetes,Eurotiales,Eurotiales,Aspergillaceae,Aspergillaceae,Aspergillus,Aspergillus,Aspergillus_penicillioides,"0.504442, 0.407393, 0.015704, 0.014203, 0.011446",OTU111,,2,nucSSU:mitSSU:RPB1:RPB2,https://vclv99-239.hpc.ncsu.edu/tbas2_1/genetree.php?layout=xy&runnumber=4IVK2JQF&strain=Otu200,not available,not available
Otu201,Ascomycota,Ascomycota,Eurotiomycetes,Eurotiomycetes,Eurotiales,Eurotiales,Aspergillaceae,Aspergillaceae,Penicillium,Penicillium,Penicillium_idahoense,0.972995,OTU112,,2,nucSSU:mitSSU:RPB1:RPB2,https://vclv99-239.hpc.ncsu.edu/tbas2_1/genetree.php?layout=xy&runnumber=4IVK2JQF&strain=Otu201,not available,not available
Otu202,Ascomycota,Ascomycota,Sordariomycetes,Sordariomycetes,Hypocreales,Hypocreales,Nectriaceae,Nectriaceae,Fusarium,Fusarium,Nectria_haematococca,"0.344791, 0.298780, 0.298760, 0.030224",OTU113,,2,nucSSU:mitSSU:RPB1:RPB2,https://vclv99-239.hpc.ncsu.edu/tbas2_1/genetree.php?layout=xy&runnumber=4IVK2JQF&strain=Otu202,not available,not available
Otu203,Ascomycota,Ascomycota,Eurotiomycetes,Eurotiomycetes,Eurotiales,Eurotiales,Aspergillaceae,Aspergillaceae,Aspergillus,Aspergillus,Aspergillus_penicillioides,"0.585463, 0.324750, 0.010434, 0.009855, 0.009093, 0.008370, 0.007655",OTU114,,2,nucSSU:mitSSU:RPB1:RPB2,https://vclv99-239.hpc.ncsu.edu/tbas2_1/genetree.php?layout=xy&runnumber=4IVK2JQF&strain=Otu203,not available,not available
Otu204,Ascomycota,Ascomycota,Eurotiomycetes,Eurotiomycetes,Eurotiales,Eurotiales,Aspergillaceae,Aspergillaceae,Aspergillus,Aspergillus,Aspergillus_oryzae,0.999938,OTU115,,2,nucSSU:mitSSU:RPB1:RPB2,https://vclv99-239.hpc.ncsu.edu/tbas2_1/genetree.php?layout=xy&runnumber=4IVK2JQF&strain=Otu204,not available,not available
Otu205,Ascomycota,Ascomycota,Eurotiomycetes,Eurotiomycetes,Eurotiales,Eurotiales,Aspergillaceae,Aspergillaceae,Aspergillus,Aspergillus,Aspergillus_penicillioides,"0.460742, 0.453436, 0.015708, 0.014242, 0.011121",OTU116,,2,nucSSU:mitSSU:RPB1:RPB2,https://vclv99-239.hpc.ncsu.edu/tbas2_1/genetree.php?layout=xy&runnumber=4IVK2JQF&strain=Otu205,not available,not available
Otu206,Ascomycota,Ascomycota,Eurotiomycetes,Eurotiomycetes,Eurotiales,Eurotiales,Aspergillaceae,Aspergillaceae,Aspergillus,Aspergillus,Aspergillus_penicillioides,"0.569279, 0.254048, 0.058546, 0.022920, 0.019523, 0.016486, 0.012250",OTU117,,2,nucSSU:mitSSU:RPB1:RPB2,https://vclv99-239.hpc.ncsu.edu/tbas2_1/genetree.php?layout=xy&runnumber=4IVK2JQF&strain=Otu206,not available,not available
Otu207,Ascomycota,Ascomycota,Eurotiomycetes,Eurotiomycetes,Eurotiales,Eurotiales,Aspergillaceae,Aspergillaceae,Aspergillus,Aspergillus,Aspergillus_oryzae,1.000000,OTU118,,2,nucSSU:mitSSU:RPB1:RPB2,https://vclv99-239.hpc.ncsu.edu/tbas2_1/genetree.php?layout=xy&runnumber=4IVK2JQF&strain=Otu207,not available,not available
Otu208,Ascomycota,Ascomycota,Eurotiomycetes,Eurotiomycetes,Eurotiales,Eurotiales,Aspergillaceae,Aspergillaceae,Aspergillus,Aspergillus,Aspergillus_penicillioides,"0.504779, 0.406837, 0.015735, 0.014239, 0.011472",OTU119,,2,nucSSU:mitSSU:RPB1:RPB2,https://vclv99-239.hpc.ncsu.edu/tbas2_1/genetree.php?layout=xy&runnumber=4IVK2JQF&strain=Otu208,not available,not available
Otu209,Ascomycota,Ascomycota,Sordariomycetes,Sordariomycetes,Glomerellales,Glomerellales,Plectosphaerellaceae,Plectosphaerellaceae,Gibellulopsis,Gibellulopsis,Gibellulopsis_nigrescens,1.000000,OTU120,,2,nucSSU:mitSSU:RPB1:RPB2,https://vclv99-239.hpc.ncsu.edu/tbas2_1/genetree.php?layout=xy&runnumber=4IVK2JQF&strain=Otu209,not available,not available
Otu21,Ascomycota,Ascomycota,Sordariomycetes,Sordariomycetes,Hypocreales,Hypocreales,Nectriaceae,Nectriaceae,Fusarium,Fusarium,Fusarium_acutatum,"0.686344, 0.111850, 0.097233, 0.068104",OTU121,,2,nucSSU:mitSSU:RPB1:RPB2,https://vclv99-239.hpc.ncsu.edu/tbas2_1/genetree.php?layout=xy&runnumber=4IVK2JQF&strain=Otu21,not available,not available
Otu210,Ascomycota,Ascomycota,Eurotiomycetes,Eurotiomycetes,Eurotiales,Eurotiales,Aspergillaceae,Aspergillaceae,Aspergillus,Aspergillus,Aspergillus_penicillioides,"0.586033, 0.325715, 0.014197, 0.013446, 0.013292",OTU0,,2,nucSSU:mitSSU:RPB1:RPB2,https://vclv99-239.hpc.ncsu.edu/tbas2_1/genetree.php?layout=xy&runnumber=4IVK2JQF&strain=Otu1,not available,not available
Otu211,Ascomycota,Ascomycota,Eurotiomycetes,Eurotiomycetes,Eurotiales,Eurotiales,Aspergillaceae,Aspergillaceae,Aspergillus,Aspergillus,Aspergillus_penicillioides,"0.559877, 0.146286, 0.042476, 0.036931, 0.034714, 0.034008, 0.022878, 0.022186, 0.015226, 0.011191, 0.010922",OTU122,,2,nucSSU:mitSSU:RPB1:RPB2,https://vclv99-239.hpc.ncsu.edu/tbas2_1/genetree.php?layout=xy&runnumber=4IVK2JQF&strain=Otu211,not available,not available
Otu22,Ascomycota,Ascomycota,Sordariomycetes,Sordariomycetes,Hypocreales,Hypocreales,Nectriaceae,Nectriaceae,Fusarium,Fusarium,Fusarium_acutatum,"0.701012, 0.103667, 0.089215, 0.072837",OTU123,,2,nucSSU:mitSSU:RPB1:RPB2,https://vclv99-239.hpc.ncsu.edu/tbas2_1/genetree.php?layout=xy&runnumber=4IVK2JQF&strain=Otu22,not available,not available
Otu23,Ascomycota,Ascomycota,Eurotiomycetes,Eurotiomycetes,Eurotiales,Eurotiales,Aspergillaceae,Aspergillaceae,Aspergillus,Aspergillus,Aspergillus_penicillioides,"0.635313, 0.306946, 0.009073",OTU124,,2,nucSSU:mitSSU:RPB1:RPB2,https://vclv99-239.hpc.ncsu.edu/tbas2_1/genetree.php?layout=xy&runnumber=4IVK2JQF&strain=Otu23,not available,not available
Otu24,Ascomycota,Ascomycota,Saccharomycetes,Saccharomycetes,Saccharomycetales,Saccharomycetales,Debaryomycetaceae,Debaryomycetaceae,Meyerozyma,Meyerozyma,Meyerozyma_guilliermondii,1.000000,OTU125,,2,nucSSU:mitSSU:RPB1:RPB2,https://vclv99-239.hpc.ncsu.edu/tbas2_1/genetree.php?layout=xy&runnumber=4IVK2JQF&strain=Otu24,not available,not available
Otu25,Ascomycota,Ascomycota,Dothideomycetes,Dothideomycetes,Pleosporales,Pleosporales,Pleosporaceae,Pleosporaceae,Curvularia,Curvularia,Curvularia_brachyspora,"0.367549, 0.205264, 0.204937, 0.169588, 0.004575",OTU126,,2,nucSSU:mitSSU:RPB1:RPB2,https://vclv99-239.hpc.ncsu.edu/tbas2_1/genetree.php?layout=xy&runnumber=4IVK2JQF&strain=Otu25,not available,not available
Otu26,Ascomycota,Ascomycota,Dothideomycetes,Dothideomycetes,Capnodiales,Capnodiales,Cladosporiaceae,Cladosporiaceae,Cladosporium,Cladosporium,Cladosporium_cladosporioides,1.000000,OTU127,,2,nucSSU:mitSSU:RPB1:RPB2,https://vclv99-239.hpc.ncsu.edu/tbas2_1/genetree.php?layout=xy&runnumber=4IVK2JQF&strain=Otu26,not available,not available
Otu27,Ascomycota,Ascomycota,Eurotiomycetes,Eurotiomycetes,Eurotiales,Eurotiales,Aspergillaceae,Aspergillaceae,Aspergillus,Aspergillus,Aspergillus_niger,1.000000,OTU85,,2,nucSSU:mitSSU:RPB1:RPB2,https://vclv99-239.hpc.ncsu.edu/tbas2_1/genetree.php?layout=xy&runnumber=4IVK2JQF&strain=Otu177,not available,not available
Otu28,Ascomycota,Ascomycota,Eurotiomycetes,Eurotiomycetes,Eurotiales,Eurotiales,Aspergillaceae,Aspergillaceae,Aspergillus,Aspergillus,Aspergillus_penicillioides,0.999751,OTU128,,2,nucSSU:mitSSU:RPB1:RPB2,https://vclv99-239.hpc.ncsu.edu/tbas2_1/genetree.php?layout=xy&runnumber=4IVK2JQF&strain=Otu28,not available,not available
Otu29,Ascomycota,Ascomycota,Sordariomycetes,Sordariomycetes,Hypocreales,Hypocreales,Nectriaceae,Nectriaceae,Fusarium,Fusarium,Nectria_haematococca,"0.538803, 0.224758, 0.224725",OTU94,,2,nucSSU:mitSSU:RPB1:RPB2,https://vclv99-239.hpc.ncsu.edu/tbas2_1/genetree.php?layout=xy&runnumber=4IVK2JQF&strain=Otu185,not available,not available
Otu3,Ascomycota,Ascomycota,Sordariomycetes,Sordariomycetes,Hypocreales,Hypocreales,Nectriaceae,Nectriaceae,Fusarium,Fusarium,Fusarium_fujikuroi,"0.399219, 0.152833, 0.149849, 0.143394, 0.143206",OTU129,,2,nucSSU:mitSSU:RPB1:RPB2,https://vclv99-239.hpc.ncsu.edu/tbas2_1/genetree.php?layout=xy&runnumber=4IVK2JQF&strain=Otu3,not available,not available
Otu30,Ascomycota,Ascomycota,Sordariomycetes,Sordariomycetes,Hypocreales,Hypocreales,Nectriaceae,Nectriaceae,Fusarium,Fusarium,Fusarium_napiforme,"0.393623, 0.360615, 0.245761",OTU130,,2,nucSSU:mitSSU:RPB1:RPB2,https://vclv99-239.hpc.ncsu.edu/tbas2_1/genetree.php?layout=xy&runnumber=4IVK2JQF&strain=Otu30,not available,not available
Otu31,Ascomycota,Ascomycota,Dothideomycetes,Dothideomycetes,Botryosphaeriales,Botryosphaeriales,Botryosphaeriaceae,Botryosphaeriaceae,Lasiodiplodia,Lasiodiplodia,Lasiodiplodia_pseudotheobromae,"0.652371, 0.087073, 0.086910, 0.086709, 0.086697",OTU131,,2,nucSSU:mitSSU:RPB1:RPB2,https://vclv99-239.hpc.ncsu.edu/tbas2_1/genetree.php?layout=xy&runnumber=4IVK2JQF&strain=Otu31,not available,not available
Otu32,Ascomycota,Ascomycota,Sordariomycetes,Sordariomycetes,Diaporthales,Diaporthales,Diaporthaceae,Diaporthaceae,Diaporthe,Diaporthe,"Diaporthe_eres,Diaporthe_longicolla,Diaporthe_phaseolorum","0.326365, 0.321396, 0.321199",OTU132,,2,nucSSU:mitSSU:RPB1:RPB2,https://vclv99-239.hpc.ncsu.edu/tbas2_1/genetree.php?layout=xy&runnumber=4IVK2JQF&strain=Otu32,not available,not available
Otu33,Ascomycota,Ascomycota,Eurotiomycetes,Eurotiomycetes,Eurotiales,Eurotiales,Aspergillaceae,Aspergillaceae,Penicillium,Penicillium,Penicillium_chrysogenum,0.999999,OTU133,,2,nucSSU:mitSSU:RPB1:RPB2,https://vclv99-239.hpc.ncsu.edu/tbas2_1/genetree.php?layout=xy&runnumber=4IVK2JQF&strain=Otu33,not available,not available
Otu34,Ascomycota,Ascomycota,Eurotiomycetes,Eurotiomycetes,Eurotiales,Eurotiales,Aspergillaceae,Aspergillaceae,Penicillium,Penicillium,Penicillium_gracilentum,"0.859878, 0.128721",OTU134,,2,nucSSU:mitSSU:RPB1:RPB2,https://vclv99-239.hpc.ncsu.edu/tbas2_1/genetree.php?layout=xy&runnumber=4IVK2JQF&strain=Otu34,not available,not available
Otu35,Ascomycota,Ascomycota,Eurotiomycetes,Eurotiomycetes,Eurotiales,Eurotiales,Aspergillaceae,Aspergillaceae,Aspergillus,Aspergillus,Aspergillus_penicillioides,0.999740,OTU135,,2,nucSSU:mitSSU:RPB1:RPB2,https://vclv99-239.hpc.ncsu.edu/tbas2_1/genetree.php?layout=xy&runnumber=4IVK2JQF&strain=Otu35,not available,not available
Otu36,Ascomycota,Ascomycota,Eurotiomycetes,Eurotiomycetes,Eurotiales,Eurotiales,Aspergillaceae,Aspergillaceae,Penicillium,Penicillium,"Penicillium_sinaicum,Penicillium_goetzii,Penicillium_kewense","0.223193, 0.217943, 0.196933, 0.086357, 0.063445, 0.022868, 0.022407, 0.022282, 0.020777, 0.020680, 0.020677",OTU136,,2,nucSSU:mitSSU:RPB1:RPB2,https://vclv99-239.hpc.ncsu.edu/tbas2_1/genetree.php?layout=xy&runnumber=4IVK2JQF&strain=Otu36,not available,not available
Otu37,Ascomycota,Ascomycota,Eurotiomycetes,Eurotiomycetes,Eurotiales,Eurotiales,Aspergillaceae,Aspergillaceae,Aspergillus,Aspergillus,Aspergillus_penicillioides,0.999626,OTU137,,2,nucSSU:mitSSU:RPB1:RPB2,https://vclv99-239.hpc.ncsu.edu/tbas2_1/genetree.php?layout=xy&runnumber=4IVK2JQF&strain=Otu37,not available,not available
Otu38,Ascomycota,Ascomycota,Sordariomycetes,Sordariomycetes,Hypocreales,Hypocreales,Nectriaceae,Nectriaceae,Fusarium,Fusarium,Fusarium_acutatum,"0.686780, 0.111836, 0.097190, 0.067855",OTU138,,2,nucSSU:mitSSU:RPB1:RPB2,https://vclv99-239.hpc.ncsu.edu/tbas2_1/genetree.php?layout=xy&runnumber=4IVK2JQF&strain=Otu38,not available,not available
Otu39,Ascomycota,Ascomycota,Saccharomycetes,Saccharomycetes,Saccharomycetales,Saccharomycetales,Dipodascaceae,Dipodascaceae,Yarrowia,Yarrowia,Yarrowia_lipolytica,0.995607,OTU139,,2,nucSSU:mitSSU:RPB1:RPB2,https://vclv99-239.hpc.ncsu.edu/tbas2_1/genetree.php?layout=xy&runnumber=4IVK2JQF&strain=Otu39,not available,not available
Otu4,Ascomycota,Ascomycota,Sordariomycetes,Sordariomycetes,Hypocreales,Hypocreales,Nectriaceae,Nectriaceae,Fusarium,Fusarium,Fusarium_acutatum,"0.697632, 0.108771, 0.093836, 0.066054",OTU140,,2,nucSSU:mitSSU:RPB1:RPB2,https://vclv99-239.hpc.ncsu.edu/tbas2_1/genetree.php?layout=xy&runnumber=4IVK2JQF&strain=Otu4,not available,not available
Otu40,Ascomycota,Ascomycota,Taphrinomycetes,"Taphrinomycetes,Schizosaccharomycetes,Pneumocystidomycetes",Taphrinales,"Taphrinales,Schizosaccharomycetales,Pneumocystidales",Taphrinaceae,"Taphrinaceae,Schizosaccharomycetaceae,Protomycetaceae,Pneumocystidaceae",Taphrina,"Taphrina,Schizosaccharomyces,Protomyces,Pneumocystis","Taphrina_communis,Taphrina_deformans,Schizosaccharomyces_pombe,Protomyces_inouyei,Pneumocystis_carinii,Taphrina_wiesneri","0.358882, 0.332476, 0.128632, 0.104611, 0.043523",OTU141,,2,nucSSU:mitSSU:RPB1:RPB2,https://vclv99-239.hpc.ncsu.edu/tbas2_1/genetree.php?layout=xy&runnumber=4IVK2JQF&strain=Otu40,not available,not available
Otu41,Ascomycota,Ascomycota,Eurotiomycetes,Eurotiomycetes,Eurotiales,Eurotiales,Aspergillaceae,Aspergillaceae,Aspergillus,Aspergillus,Aspergillus_penicillioides,0.999919,OTU142,,2,nucSSU:mitSSU:RPB1:RPB2,https://vclv99-239.hpc.ncsu.edu/tbas2_1/genetree.php?layout=xy&runnumber=4IVK2JQF&strain=Otu41,not available,not available
Otu42,Ascomycota,Ascomycota,Sordariomycetes,Sordariomycetes,Hypocreales,Hypocreales,Nectriaceae,Nectriaceae,Fusarium,Fusarium,Nectria_haematococca,"0.738326, 0.131743, 0.129868",OTU143,,2,nucSSU:mitSSU:RPB1:RPB2,https://vclv99-239.hpc.ncsu.edu/tbas2_1/genetree.php?layout=xy&runnumber=4IVK2JQF&strain=Otu42,not available,not available
Otu43,Ascomycota,Ascomycota,Eurotiomycetes,Eurotiomycetes,Eurotiales,Eurotiales,Aspergillaceae,Aspergillaceae,Aspergillus,Aspergillus,Aspergillus_penicillioides,"0.586033, 0.325715, 0.014197, 0.013446, 0.013292",OTU0,,2,nucSSU:mitSSU:RPB1:RPB2,https://vclv99-239.hpc.ncsu.edu/tbas2_1/genetree.php?layout=xy&runnumber=4IVK2JQF&strain=Otu1,not available,not available
Otu44,Ascomycota,Ascomycota,Dothideomycetes,Dothideomycetes,Botryosphaeriales,Botryosphaeriales,Botryosphaeriaceae,Botryosphaeriaceae,Neofusicoccum,Neofusicoccum,"Neofusicoccum_kwambonambiense,Neofusicoccum_ribis","0.268516, 0.268295, 0.264295, 0.041141, 0.038955, 0.038940, 0.038628",OTU144,,2,nucSSU:mitSSU:RPB1:RPB2,https://vclv99-239.hpc.ncsu.edu/tbas2_1/genetree.php?layout=xy&runnumber=4IVK2JQF&strain=Otu44,not available,not available
Otu45,Ascomycota,Ascomycota,Eurotiomycetes,Eurotiomycetes,Eurotiales,Eurotiales,Aspergillaceae,Aspergillaceae,Aspergillus,Aspergillus,Aspergillus_penicillioides,"0.661116, 0.051556, 0.045937, 0.043778, 0.042026, 0.035601, 0.031409, 0.022312, 0.015127, 0.013282",OTU145,,2,nucSSU:mitSSU:RPB1:RPB2,https://vclv99-239.hpc.ncsu.edu/tbas2_1/genetree.php?layout=xy&runnumber=4IVK2JQF&strain=Otu45,not available,not available
Otu46,Ascomycota,Ascomycota,Eurotiomycetes,Eurotiomycetes,Eurotiales,Eurotiales,Aspergillaceae,Aspergillaceae,Aspergillus,Aspergillus,Aspergillus_penicillioides,"0.586033, 0.325715, 0.014197, 0.013446, 0.013292",OTU0,,2,nucSSU:mitSSU:RPB1:RPB2,https://vclv99-239.hpc.ncsu.edu/tbas2_1/genetree.php?layout=xy&runnumber=4IVK2JQF&strain=Otu1,not available,not available
Otu47,Ascomycota,Ascomycota,Eurotiomycetes,Eurotiomycetes,Eurotiales,Eurotiales,Aspergillaceae,Aspergillaceae,Aspergillus,Aspergillus,Aspergillus_penicillioides,"0.661628, 0.246933, 0.015148, 0.013346, 0.012771, 0.009576",OTU146,,2,nucSSU:mitSSU:RPB1:RPB2,https://vclv99-239.hpc.ncsu.edu/tbas2_1/genetree.php?layout=xy&runnumber=4IVK2JQF&strain=Otu47,not available,not available
Otu48,Ascomycota,Ascomycota,Sordariomycetes,Sordariomycetes,Hypocreales,Hypocreales,Nectriaceae,Nectriaceae,Fusarium,Fusarium,Fusarium_acutatum,"0.674675, 0.114881, 0.100628, 0.070344",OTU147,,2,nucSSU:mitSSU:RPB1:RPB2,https://vclv99-239.hpc.ncsu.edu/tbas2_1/genetree.php?layout=xy&runnumber=4IVK2JQF&strain=Otu48,not available,not available
Otu49,Ascomycota,Ascomycota,Sordariomycetes,Sordariomycetes,Hypocreales,Hypocreales,Nectriaceae,Nectriaceae,Fusarium,Fusarium,Nectria_haematococca,"0.649351, 0.175704, 0.173783",OTU148,,2,nucSSU:mitSSU:RPB1:RPB2,https://vclv99-239.hpc.ncsu.edu/tbas2_1/genetree.php?layout=xy&runnumber=4IVK2JQF&strain=Otu49,not available,not available
Otu5,Ascomycota,Ascomycota,Eurotiomycetes,Eurotiomycetes,Eurotiales,Eurotiales,Aspergillaceae,Aspergillaceae,Aspergillus,Aspergillus,Aspergillus_penicillioides,"0.540894, 0.401783, 0.009044",OTU149,,2,nucSSU:mitSSU:RPB1:RPB2,https://vclv99-239.hpc.ncsu.edu/tbas2_1/genetree.php?layout=xy&runnumber=4IVK2JQF&strain=Otu5,not available,not available
Otu50,Ascomycota,Ascomycota,Sordariomycetes,Sordariomycetes,Diaporthales,Diaporthales,Diaporthaceae,Diaporthaceae,Diaporthe,Diaporthe,Diaporthe_longicolla,0.999664,OTU150,,2,nucSSU:mitSSU:RPB1:RPB2,https://vclv99-239.hpc.ncsu.edu/tbas2_1/genetree.php?layout=xy&runnumber=4IVK2JQF&strain=Otu50,not available,not available
Otu51,Ascomycota,Ascomycota,Neolectomycetes,"Neolectomycetes,unclassified",Neolectales,"Neolectales,unclassified",Neolectaceae,"Neolectaceae,unclassified",Neolecta,"Neolecta,Saitoella","Neolecta_irregularis,Neolecta_vitellina,Saitoella_complicata","0.509657, 0.132673, 0.095212, 0.094933, 0.094791, 0.048733",OTU151,,2,nucSSU:mitSSU:RPB1:RPB2,https://vclv99-239.hpc.ncsu.edu/tbas2_1/genetree.php?layout=xy&runnumber=4IVK2JQF&strain=Otu51,not available,not available
Otu52,Ascomycota,Ascomycota,Dothideomycetes,Dothideomycetes,Capnodiales,Capnodiales,Cladosporiaceae,Cladosporiaceae,Cladosporium,Cladosporium,Cladosporium_cladosporioides,"0.860125, 0.122428",OTU152,,2,nucSSU:mitSSU:RPB1:RPB2,https://vclv99-239.hpc.ncsu.edu/tbas2_1/genetree.php?layout=xy&runnumber=4IVK2JQF&strain=Otu52,not available,not available
Otu53,Ascomycota,Ascomycota,Dothideomycetes,Dothideomycetes,Botryosphaeriales,Botryosphaeriales,Botryosphaeriaceae,Botryosphaeriaceae,Lasiodiplodia,Lasiodiplodia,Lasiodiplodia_pseudotheobromae,0.952691,OTU153,,2,nucSSU:mitSSU:RPB1:RPB2,https://vclv99-239.hpc.ncsu.edu/tbas2_1/genetree.php?layout=xy&runnumber=4IVK2JQF&strain=Otu53,not available,not available
Otu54,Ascomycota,Ascomycota,Saccharomycetes,Saccharomycetes,Saccharomycetales,Saccharomycetales,Debaryomycetaceae,Debaryomycetaceae,Debaryomyces,Debaryomyces,Debaryomyces_hansenii,1.000000,OTU154,,2,nucSSU:mitSSU:RPB1:RPB2,https://vclv99-239.hpc.ncsu.edu/tbas2_1/genetree.php?layout=xy&runnumber=4IVK2JQF&strain=Otu54,not available,not available
Otu55,Ascomycota,Ascomycota,Saccharomycetes,Saccharomycetes,Saccharomycetales,Saccharomycetales,Metschnikowiaceae,Metschnikowiaceae,Metschnikowia,"Metschnikowia,Clavispora","Metschnikowia_bicuspidata,Clavispora_lusitaniae",0.999587,OTU155,,2,nucSSU:mitSSU:RPB1:RPB2,https://vclv99-239.hpc.ncsu.edu/tbas2_1/genetree.php?layout=xy&runnumber=4IVK2JQF&strain=Otu55,not available,not available
Otu56,Ascomycota,Ascomycota,Neolectomycetes,"Neolectomycetes,unclassified",Neolectales,"Neolectales,unclassified",Neolectaceae,"Neolectaceae,unclassified",Neolecta,"Neolecta,Saitoella","Neolecta_irregularis,Neolecta_vitellina,Saitoella_complicata","0.674460, 0.138351, 0.077605, 0.069697",OTU156,,2,nucSSU:mitSSU:RPB1:RPB2,https://vclv99-239.hpc.ncsu.edu/tbas2_1/genetree.php?layout=xy&runnumber=4IVK2JQF&strain=Otu56,not available,not available
Otu57,Ascomycota,Ascomycota,Sordariomycetes,Sordariomycetes,Diaporthales,Diaporthales,Diaporthaceae,Diaporthaceae,Diaporthe,Diaporthe,"Diaporthe_eres,Diaporthe_longicolla,Diaporthe_phaseolorum","0.326717, 0.320673, 0.320558",OTU157,,2,nucSSU:mitSSU:RPB1:RPB2,https://vclv99-239.hpc.ncsu.edu/tbas2_1/genetree.php?layout=xy&runnumber=4IVK2JQF&strain=Otu57,not available,not available
Otu58,Ascomycota,Ascomycota,Sordariomycetes,Sordariomycetes,Diaporthales,Diaporthales,Diaporthaceae,Diaporthaceae,Diaporthe,Diaporthe,"Diaporthe_eres,Diaporthe_longicolla,Diaporthe_phaseolorum","0.327098, 0.321817, 0.321621",OTU158,,2,nucSSU:mitSSU:RPB1:RPB2,https://vclv99-239.hpc.ncsu.edu/tbas2_1/genetree.php?layout=xy&runnumber=4IVK2JQF&strain=Otu58,not available,not available
Otu59,Ascomycota,Ascomycota,Eurotiomycetes,Eurotiomycetes,Eurotiales,Eurotiales,Trichocomaceae,Trichocomaceae,Talaromyces,Talaromyces,Talaromyces_wortmannii,0.999998,OTU159,,2,nucSSU:mitSSU:RPB1:RPB2,https://vclv99-239.hpc.ncsu.edu/tbas2_1/genetree.php?layout=xy&runnumber=4IVK2JQF&strain=Otu59,not available,not available
Otu6,Ascomycota,Ascomycota,Dothideomycetes,Dothideomycetes,Botryosphaeriales,Botryosphaeriales,Botryosphaeriaceae,Botryosphaeriaceae,Lasiodiplodia,Lasiodiplodia,Lasiodiplodia_pseudotheobromae,"0.688327, 0.078103, 0.077970, 0.077733, 0.077723",OTU160,,2,nucSSU:mitSSU:RPB1:RPB2,https://vclv99-239.hpc.ncsu.edu/tbas2_1/genetree.php?layout=xy&runnumber=4IVK2JQF&strain=Otu6,not available,not available
Otu60,Ascomycota,Ascomycota,Eurotiomycetes,Eurotiomycetes,Eurotiales,Eurotiales,Aspergillaceae,Aspergillaceae,Aspergillus,Aspergillus,Aspergillus_penicillioides,0.999848,OTU161,,2,nucSSU:mitSSU:RPB1:RPB2,https://vclv99-239.hpc.ncsu.edu/tbas2_1/genetree.php?layout=xy&runnumber=4IVK2JQF&strain=Otu60,not available,not available
Otu61,Ascomycota,Ascomycota,Sordariomycetes,Sordariomycetes,Diaporthales,Diaporthales,Diaporthaceae,Diaporthaceae,Diaporthe,Diaporthe,Diaporthe_longicolla,"0.845710, 0.074847, 0.074733",OTU162,,2,nucSSU:mitSSU:RPB1:RPB2,https://vclv99-239.hpc.ncsu.edu/tbas2_1/genetree.php?layout=xy&runnumber=4IVK2JQF&strain=Otu61,not available,not available
Otu62,Ascomycota,Ascomycota,Eurotiomycetes,Eurotiomycetes,Eurotiales,Eurotiales,Trichocomaceae,Trichocomaceae,Talaromyces,Talaromyces,Talaromyces_wortmannii,0.999998,OTU163,,2,nucSSU:mitSSU:RPB1:RPB2,https://vclv99-239.hpc.ncsu.edu/tbas2_1/genetree.php?layout=xy&runnumber=4IVK2JQF&strain=Otu62,not available,not available
Otu63,Ascomycota,Ascomycota,Eurotiomycetes,Eurotiomycetes,Eurotiales,Eurotiales,Aspergillaceae,Aspergillaceae,Penicillium,Penicillium,Penicillium_gracilentum,"0.860827, 0.129377",OTU164,,2,nucSSU:mitSSU:RPB1:RPB2,https://vclv99-239.hpc.ncsu.edu/tbas2_1/genetree.php?layout=xy&runnumber=4IVK2JQF&strain=Otu63,not available,not available
Otu64,Ascomycota,Ascomycota,Dothideomycetes,Dothideomycetes,Botryosphaeriales,Botryosphaeriales,Botryosphaeriaceae,Botryosphaeriaceae,Lasiodiplodia,Lasiodiplodia,Lasiodiplodia_pseudotheobromae,"0.572333, 0.106863, 0.106779, 0.106632, 0.106618",OTU165,,2,nucSSU:mitSSU:RPB1:RPB2,https://vclv99-239.hpc.ncsu.edu/tbas2_1/genetree.php?layout=xy&runnumber=4IVK2JQF&strain=Otu64,not available,not available
Otu65,Ascomycota,Ascomycota,Dothideomycetes,Dothideomycetes,Botryosphaeriales,Botryosphaeriales,Botryosphaeriaceae,Botryosphaeriaceae,Lasiodiplodia,Lasiodiplodia,Lasiodiplodia_pseudotheobromae,"0.309312, 0.172610, 0.172535, 0.172475, 0.172453",OTU166,,2,nucSSU:mitSSU:RPB1:RPB2,https://vclv99-239.hpc.ncsu.edu/tbas2_1/genetree.php?layout=xy&runnumber=4IVK2JQF&strain=Otu65,not available,not available
Otu66,Ascomycota,Ascomycota,Dothideomycetes,Dothideomycetes,Pleosporales,Pleosporales,Pleosporaceae,Pleosporaceae,Curvularia,Curvularia,Curvularia_robusta,"0.906853, 0.006359, 0.006257, 0.006007, 0.006006, 0.006006, 0.005207, 0.005177, 0.005162",OTU167,,2,nucSSU:mitSSU:RPB1:RPB2,https://vclv99-239.hpc.ncsu.edu/tbas2_1/genetree.php?layout=xy&runnumber=4IVK2JQF&strain=Otu66,not available,not available
Otu67,Ascomycota,Ascomycota,Dothideomycetes,Dothideomycetes,Pleosporales,Pleosporales,Pleosporaceae,Pleosporaceae,Curvularia,Curvularia,Curvularia_robusta,0.965286,OTU168,,2,nucSSU:mitSSU:RPB1:RPB2,https://vclv99-239.hpc.ncsu.edu/tbas2_1/genetree.php?layout=xy&runnumber=4IVK2JQF&strain=Otu67,not available,not available
Otu68,Ascomycota,Ascomycota,Sordariomycetes,Sordariomycetes,Hypocreales,Hypocreales,Nectriaceae,Nectriaceae,Fusarium,Fusarium,Fusarium_acutatum,"0.547739, 0.132777, 0.127635, 0.109242, 0.066546",OTU169,,2,nucSSU:mitSSU:RPB1:RPB2,https://vclv99-239.hpc.ncsu.edu/tbas2_1/genetree.php?layout=xy&runnumber=4IVK2JQF&strain=Otu68,not available,not available
Otu69,Ascomycota,Ascomycota,Sordariomycetes,Sordariomycetes,Hypocreales,Hypocreales,Nectriaceae,Nectriaceae,Fusarium,Fusarium,Fusarium_acutatum,"0.583238, 0.135770, 0.124841, 0.085702, 0.058628",OTU170,,2,nucSSU:mitSSU:RPB1:RPB2,https://vclv99-239.hpc.ncsu.edu/tbas2_1/genetree.php?layout=xy&runnumber=4IVK2JQF&strain=Otu69,not available,not available
Otu7,Ascomycota,Ascomycota,Dothideomycetes,Dothideomycetes,Botryosphaeriales,Botryosphaeriales,Botryosphaeriaceae,Botryosphaeriaceae,Lasiodiplodia,Lasiodiplodia,Lasiodiplodia_pseudotheobromae,"0.668133, 0.083124, 0.083000, 0.082780, 0.082770",OTU171,,2,nucSSU:mitSSU:RPB1:RPB2,https://vclv99-239.hpc.ncsu.edu/tbas2_1/genetree.php?layout=xy&runnumber=4IVK2JQF&strain=Otu7,not available,not available
Otu70,Ascomycota,Ascomycota,Dothideomycetes,Dothideomycetes,Botryosphaeriales,Botryosphaeriales,Botryosphaeriaceae,Botryosphaeriaceae,Lasiodiplodia,Lasiodiplodia,"Lasiodiplodia_pseudotheobromae,Lasiodiplodia_theobromae,Lasiodiplodia_parva","0.258527, 0.136655, 0.136650, 0.136628, 0.136628, 0.080776, 0.016222, 0.010283, 0.009077, 0.009077, 0.009075",OTU172,,2,nucSSU:mitSSU:RPB1:RPB2,https://vclv99-239.hpc.ncsu.edu/tbas2_1/genetree.php?layout=xy&runnumber=4IVK2JQF&strain=Otu70,not available,not available
Otu71,Ascomycota,Ascomycota,Eurotiomycetes,Eurotiomycetes,Eurotiales,Eurotiales,Trichocomaceae,Trichocomaceae,Talaromyces,Talaromyces,Talaromyces_apiculatus,"0.142494, 0.097280, 0.083654, 0.063234, 0.056808, 0.056421, 0.055382, 0.053175, 0.048397, 0.048049, 0.041009",OTU173,,2,nucSSU:mitSSU:RPB1:RPB2,https://vclv99-239.hpc.ncsu.edu/tbas2_1/genetree.php?layout=xy&runnumber=4IVK2JQF&strain=Otu71,not available,not available
Otu72,Ascomycota,Ascomycota,Dothideomycetes,Dothideomycetes,Botryosphaeriales,Botryosphaeriales,Botryosphaeriaceae,Botryosphaeriaceae,Lasiodiplodia,Lasiodiplodia,Lasiodiplodia_pseudotheobromae,"0.587895, 0.102340, 0.102250, 0.102091, 0.102075",OTU174,,2,nucSSU:mitSSU:RPB1:RPB2,https://vclv99-239.hpc.ncsu.edu/tbas2_1/genetree.php?layout=xy&runnumber=4IVK2JQF&strain=Otu72,not available,not available
Otu73,Ascomycota,Ascomycota,Sordariomycetes,Sordariomycetes,Hypocreales,Hypocreales,Nectriaceae,Nectriaceae,Fusarium,Fusarium,Fusarium_acutatum,"0.656974, 0.112291, 0.099389, 0.085461",OTU175,,2,nucSSU:mitSSU:RPB1:RPB2,https://vclv99-239.hpc.ncsu.edu/tbas2_1/genetree.php?layout=xy&runnumber=4IVK2JQF&strain=Otu73,not available,not available
Otu74,Ascomycota,Ascomycota,Dothideomycetes,Dothideomycetes,Botryosphaeriales,Botryosphaeriales,Botryosphaeriaceae,Botryosphaeriaceae,Lasiodiplodia,Lasiodiplodia,Lasiodiplodia_pseudotheobromae,"0.496154, 0.110072, 0.109805, 0.109692, 0.109670, 0.018084",OTU176,,2,nucSSU:mitSSU:RPB1:RPB2,https://vclv99-239.hpc.ncsu.edu/tbas2_1/genetree.php?layout=xy&runnumber=4IVK2JQF&strain=Otu74,not available,not available
Otu75,Ascomycota,Ascomycota,Sordariomycetes,Sordariomycetes,Hypocreales,Hypocreales,Nectriaceae,Nectriaceae,Fusarium,Fusarium,Fusarium_acutatum,"0.700950, 0.103738, 0.089281, 0.072750",OTU177,,2,nucSSU:mitSSU:RPB1:RPB2,https://vclv99-239.hpc.ncsu.edu/tbas2_1/genetree.php?layout=xy&runnumber=4IVK2JQF&strain=Otu75,not available,not available
Otu76,Ascomycota,Ascomycota,Eurotiomycetes,Eurotiomycetes,Eurotiales,Eurotiales,Aspergillaceae,Aspergillaceae,Penicillium,Penicillium,Penicillium_goetzii,"0.519749, 0.190708, 0.060560, 0.058315, 0.020085, 0.019823, 0.017248, 0.014210, 0.013669, 0.013571, 0.013527",OTU178,,2,nucSSU:mitSSU:RPB1:RPB2,https://vclv99-239.hpc.ncsu.edu/tbas2_1/genetree.php?layout=xy&runnumber=4IVK2JQF&strain=Otu76,not available,not available
Otu77,Ascomycota,Ascomycota,Sordariomycetes,Sordariomycetes,Hypocreales,Hypocreales,Nectriaceae,Nectriaceae,Fusarium,Fusarium,Fusarium_acutatum,"0.676632, 0.112368, 0.098313, 0.073525",OTU179,,2,nucSSU:mitSSU:RPB1:RPB2,https://vclv99-239.hpc.ncsu.edu/tbas2_1/genetree.php?layout=xy&runnumber=4IVK2JQF&strain=Otu77,not available,not available
Otu78,Ascomycota,Ascomycota,Sordariomycetes,Sordariomycetes,Hypocreales,Hypocreales,Nectriaceae,Nectriaceae,Fusarium,Fusarium,"Fusarium_ficicrescens,Fusarium_napiforme","0.243442, 0.188576, 0.154064, 0.154000, 0.140958, 0.057587, 0.057540",OTU180,,2,nucSSU:mitSSU:RPB1:RPB2,https://vclv99-239.hpc.ncsu.edu/tbas2_1/genetree.php?layout=xy&runnumber=4IVK2JQF&strain=Otu78,not available,not available
Otu79,Ascomycota,Ascomycota,Sordariomycetes,Sordariomycetes,Hypocreales,Hypocreales,Nectriaceae,Nectriaceae,Fusarium,Fusarium,Fusarium_acutatum,"0.654503, 0.115913, 0.102056, 0.074705, 0.038868",OTU181,,2,nucSSU:mitSSU:RPB1:RPB2,https://vclv99-239.hpc.ncsu.edu/tbas2_1/genetree.php?layout=xy&runnumber=4IVK2JQF&strain=Otu79,not available,not available
Otu8,Ascomycota,Ascomycota,Sordariomycetes,Sordariomycetes,Hypocreales,Hypocreales,Nectriaceae,Nectriaceae,Fusarium,Fusarium,Fusarium_napiforme,"0.368626, 0.349832, 0.280954",OTU182,,2,nucSSU:mitSSU:RPB1:RPB2,https://vclv99-239.hpc.ncsu.edu/tbas2_1/genetree.php?layout=xy&runnumber=4IVK2JQF&strain=Otu8,not available,not available
Otu80,Ascomycota,Ascomycota,Eurotiomycetes,Eurotiomycetes,Eurotiales,Eurotiales,Aspergillaceae,Aspergillaceae,Penicillium,Penicillium,"Penicillium_sinaicum,Penicillium_goetzii,Penicillium_kewense","0.205368, 0.197059, 0.183652, 0.082777, 0.063168, 0.028856, 0.027260, 0.027200, 0.026515, 0.026414, 0.026410",OTU183,,2,nucSSU:mitSSU:RPB1:RPB2,https://vclv99-239.hpc.ncsu.edu/tbas2_1/genetree.php?layout=xy&runnumber=4IVK2JQF&strain=Otu80,not available,not available
Otu81,Ascomycota,Ascomycota,Dothideomycetes,Dothideomycetes,Botryosphaeriales,Botryosphaeriales,Botryosphaeriaceae,Botryosphaeriaceae,Lasiodiplodia,Lasiodiplodia,Lasiodiplodia_pseudotheobromae,"0.942735, 0.014376",OTU184,,2,nucSSU:mitSSU:RPB1:RPB2,https://vclv99-239.hpc.ncsu.edu/tbas2_1/genetree.php?layout=xy&runnumber=4IVK2JQF&strain=Otu81,not available,not available
Otu82,Ascomycota,Ascomycota,Sordariomycetes,Sordariomycetes,Glomerellales,Glomerellales,Glomerellaceae,Glomerellaceae,Colletotrichum,Colletotrichum,Colletotrichum_musae,"0.667692, 0.166663, 0.165637",OTU185,,2,nucSSU:mitSSU:RPB1:RPB2,https://vclv99-239.hpc.ncsu.edu/tbas2_1/genetree.php?layout=xy&runnumber=4IVK2JQF&strain=Otu82,not available,not available
Otu83,Ascomycota,Ascomycota,Sordariomycetes,Sordariomycetes,Diaporthales,Diaporthales,Diaporthaceae,Diaporthaceae,Diaporthe,Diaporthe,Diaporthe_longicolla,0.983298,OTU186,,2,nucSSU:mitSSU:RPB1:RPB2,https://vclv99-239.hpc.ncsu.edu/tbas2_1/genetree.php?layout=xy&runnumber=4IVK2JQF&strain=Otu83,not available,not available
Otu84,Ascomycota,Ascomycota,Sordariomycetes,Sordariomycetes,Xylariales,Xylariales,Amphisphaeriaceae,"Amphisphaeriaceae,Beltraniaceae",Lepteutypa,"Lepteutypa,Amphisphaeria,Beltraniella","Lepteutypa_uniseptata,Amphisphaeria_umbrina,Beltraniella_carolinensis","0.442495, 0.241665, 0.109985, 0.074180, 0.069658, 0.039523",OTU187,,2,nucSSU:mitSSU:RPB1:RPB2,https://vclv99-239.hpc.ncsu.edu/tbas2_1/genetree.php?layout=xy&runnumber=4IVK2JQF&strain=Otu84,not available,not available
Otu85,Ascomycota,Ascomycota,Dothideomycetes,Dothideomycetes,Capnodiales,Capnodiales,Cladosporiaceae,Cladosporiaceae,Cladosporium,Cladosporium,Cladosporium_cladosporioides,1.000000,OTU188,,2,nucSSU:mitSSU:RPB1:RPB2,https://vclv99-239.hpc.ncsu.edu/tbas2_1/genetree.php?layout=xy&runnumber=4IVK2JQF&strain=Otu85,not available,not available
Otu86,Ascomycota,Ascomycota,Leotiomycetes,Leotiomycetes,Helotiales,Helotiales,Tympanidaceae,Tympanidaceae,Pallidophorina,Pallidophorina,Pallidophorina_paarla,"0.361975, 0.231936, 0.143097, 0.113879, 0.051846, 0.047376",OTU189,,2,nucSSU:mitSSU:RPB1:RPB2,https://vclv99-239.hpc.ncsu.edu/tbas2_1/genetree.php?layout=xy&runnumber=4IVK2JQF&strain=Otu86,not available,not available
Otu87,Ascomycota,Ascomycota,Sordariomycetes,Sordariomycetes,Xylariales,Xylariales,Xylariaceae,Xylariaceae,Xylaria,"Xylaria,Nemania,Geniculisynnema,Kretzschmaria","Xylaria_acuta,Geniculisynnema_termiticola,Kretzschmaria_deusta,Nemania_serpens,Nemania_diffusa,Nemania_aenea,Xylaria_cf_obovata,Xylaria_hypoxylon","0.217300, 0.215736, 0.213093, 0.179243, 0.034096, 0.033753, 0.033752, 0.033748",OTU190,,1,nucLSU:nucSSU:mitSSU:RPB1:RPB2,https://vclv99-239.hpc.ncsu.edu/tbas2_1/genetree.php?layout=xy&runnumber=4IVK2JQF&strain=Otu87,not available,not available
Otu88,Ascomycota,Ascomycota,Sordariomycetes,Sordariomycetes,Xylariales,Xylariales,Xylariaceae,Xylariaceae,Xylaria,Xylaria,Xylaria_lichenicola,"0.778935, 0.070429, 0.070111, 0.016392, 0.011712, 0.011491",OTU191,,2,nucSSU:mitSSU:RPB1:RPB2,https://vclv99-239.hpc.ncsu.edu/tbas2_1/genetree.php?layout=xy&runnumber=4IVK2JQF&strain=Otu88,not available,not available
Otu89,Ascomycota,Ascomycota,Sordariomycetes,Sordariomycetes,Xylariales,Xylariales,Xylariaceae,Xylariaceae,Hypoxylon,"Hypoxylon,Daldinia,Annulohypoxylon","Daldinia_concentrica,Daldinia_eschscholtzii,Hypoxylon_haematostroma,Hypoxylon_perforatum,Annulohypoxylon_nitens,Hypoxylon_monticulosum","0.365850, 0.286459, 0.271023, 0.027939",OTU192,,2,nucSSU:mitSSU:RPB1:RPB2,https://vclv99-239.hpc.ncsu.edu/tbas2_1/genetree.php?layout=xy&runnumber=4IVK2JQF&strain=Otu89,not available,not available
Otu9,Ascomycota,Ascomycota,Saccharomycetes,Saccharomycetes,Saccharomycetales,Saccharomycetales,Dipodascaceae,Dipodascaceae,Yarrowia,Yarrowia,Yarrowia_lipolytica,0.995189,OTU193,,2,nucSSU:mitSSU:RPB1:RPB2,https://vclv99-239.hpc.ncsu.edu/tbas2_1/genetree.php?layout=xy&runnumber=4IVK2JQF&strain=Otu9,not available,not available
Otu90,Ascomycota,Ascomycota,Dothideomycetes,Dothideomycetes,Capnodiales,Capnodiales,Cladosporiaceae,Cladosporiaceae,Cladosporium,Cladosporium,Cladosporium_cladosporioides,"0.855296, 0.125168",OTU194,,2,nucSSU:mitSSU:RPB1:RPB2,https://vclv99-239.hpc.ncsu.edu/tbas2_1/genetree.php?layout=xy&runnumber=4IVK2JQF&strain=Otu90,not available,not available
Otu91,Ascomycota,Ascomycota,Sordariomycetes,Sordariomycetes,Glomerellales,Glomerellales,Glomerellaceae,Glomerellaceae,Colletotrichum,Colletotrichum,Colletotrichum_gloeosporioides,"0.345373, 0.183108, 0.136222, 0.125200, 0.124451, 0.055788",OTU195,,2,nucSSU:mitSSU:RPB1:RPB2,https://vclv99-239.hpc.ncsu.edu/tbas2_1/genetree.php?layout=xy&runnumber=4IVK2JQF&strain=Otu91,not available,not available
Otu92,Ascomycota,Ascomycota,Saccharomycetes,Saccharomycetes,Saccharomycetales,Saccharomycetales,Dipodascaceae,Dipodascaceae,Yarrowia,Yarrowia,Yarrowia_lipolytica,0.996095,OTU196,,2,nucSSU:mitSSU:RPB1:RPB2,https://vclv99-239.hpc.ncsu.edu/tbas2_1/genetree.php?layout=xy&runnumber=4IVK2JQF&strain=Otu92,not available,not available
Otu93,Ascomycota,Ascomycota,Saccharomycetes,Saccharomycetes,Saccharomycetales,Saccharomycetales,Metschnikowiaceae,Metschnikowiaceae,Metschnikowia,"Metschnikowia,Clavispora","Metschnikowia_bicuspidata,Clavispora_lusitaniae",0.999587,OTU155,,2,nucSSU:mitSSU:RPB1:RPB2,https://vclv99-239.hpc.ncsu.edu/tbas2_1/genetree.php?layout=xy&runnumber=4IVK2JQF&strain=Otu55,not available,not available
Otu94,Ascomycota,Ascomycota,Saccharomycetes,Saccharomycetes,Saccharomycetales,Saccharomycetales,Dipodascaceae,Dipodascaceae,Yarrowia,Yarrowia,Yarrowia_lipolytica,0.996804,OTU197,,2,nucSSU:mitSSU:RPB1:RPB2,https://vclv99-239.hpc.ncsu.edu/tbas2_1/genetree.php?layout=xy&runnumber=4IVK2JQF&strain=Otu94,not available,not available
Otu95,Ascomycota,Ascomycota,Sordariomycetes,Sordariomycetes,Hypocreales,Hypocreales,Nectriaceae,Nectriaceae,Fusarium,"Fusarium,Neocosmospora","Nectria_haematococca,Neocosmospora_rubicola","0.230182, 0.227391, 0.224570, 0.061183, 0.035030, 0.034001, 0.024452, 0.024294, 0.009027, 0.009026, 0.008495",OTU198,,1,nucLSU:nucSSU:mitSSU:RPB1:RPB2,https://vclv99-239.hpc.ncsu.edu/tbas2_1/genetree.php?layout=xy&runnumber=4IVK2JQF&strain=Otu95,not available,not available
Otu96,Ascomycota,Ascomycota,Sordariomycetes,Sordariomycetes,Hypocreales,Hypocreales,Nectriaceae,Nectriaceae,Fusarium,Fusarium,Nectria_haematococca,"0.040969, 0.040492, 0.040406, 0.013859, 0.013737, 0.013720, 0.012438, 0.010982, 0.010544, 0.010542, 0.009737",OTU199,,1,nucLSU:nucSSU:mitSSU:RPB1:RPB2,https://vclv99-239.hpc.ncsu.edu/tbas2_1/genetree.php?layout=xy&runnumber=4IVK2JQF&strain=Otu96,not available,not available
Otu97,Ascomycota,Ascomycota,Sordariomycetes,Sordariomycetes,Coniochaetales,Coniochaetales,Coniochaetaceae,Coniochaetaceae,Coniochaeta,Coniochaeta,"Coniochaeta_discoidea,Coniochaeta_decumbens,Coniochaeta_tetraspora","0.488826, 0.315612, 0.104510, 0.044258",OTU200,,2,nucSSU:mitSSU:RPB1:RPB2,https://vclv99-239.hpc.ncsu.edu/tbas2_1/genetree.php?layout=xy&runnumber=4IVK2JQF&strain=Otu97,not available,not available
Otu98,Ascomycota,Ascomycota,Sordariomycetes,Sordariomycetes,Xylariales,Xylariales,Apiosporaceae,Apiosporaceae,Apiospora,"Apiospora,Arthrinium","Apiospora_setosa,Apiospora_tintinnabula,Arthrinium_arundinis,Arthrinium_sacchari,Apiospora_bambusae","0.815458, 0.090545, 0.025196, 0.021878",OTU201,,2,nucSSU:mitSSU:RPB1:RPB2,https://vclv99-239.hpc.ncsu.edu/tbas2_1/genetree.php?layout=xy&runnumber=4IVK2JQF&strain=Otu98,not available,not available
Otu99,Ascomycota,Ascomycota,Sordariomycetes,Sordariomycetes,Xylariales,Xylariales,Amphisphaeriaceae,Amphisphaeriaceae,Pseudopestalotiopsis,Pseudopestalotiopsis,Pseudopestalotiopsis_theae,"0.888581, 0.058175, 0.053244",OTU202,,2,nucSSU:mitSSU:RPB1:RPB2,https://vclv99-239.hpc.ncsu.edu/tbas2_1/genetree.php?layout=xy&runnumber=4IVK2JQF&strain=Otu99,not available,not available
