Query sequence,Most common phylum-level assignment,Phylum-level assignment,Most common order-level assignment,Order-level assignment,Taxon assignment,Likelihood weight,otu,otu_references,tbas_loci,missing,link,Trophic Mode,Guild
Otu1,Ascomycota,Ascomycota,Eurotiales,Eurotiales,"Aspergillus_fumigatus_1079,Monascus_purpureus_426,Aspergillus_nidulans_1080","0.911822, 0.028171, 0.028112",OTU0,,2,EF1a:RPB1:RPB2:nucSSU,https://vclv99-239.hpc.ncsu.edu/tbas2_1/genetree.php?layout=xy&runnumber=OSZ72DTW&strain=Otu1,Saprotroph,Undefined Saprotroph
Otu10,Ascomycota,Ascomycota,Eurotiales,Eurotiales,"Aspergillus_fumigatus_1079,Aspergillus_nidulans_1080","0.331567, 0.331467, 0.250738, 0.044306",OTU1,,2,EF1a:RPB1:RPB2:nucSSU,https://vclv99-239.hpc.ncsu.edu/tbas2_1/genetree.php?layout=xy&runnumber=OSZ72DTW&strain=Otu10,Saprotroph,Undefined Saprotroph
Otu100,Ascomycota,Ascomycota,Pleosporales,Pleosporales,"Pleospora_herbarum_940,Bipolaris_maydis_54","0.262701, 0.262451, 0.224188, 0.053574, 0.026931, 0.025804, 0.023204, 0.022705, 0.021219, 0.012327, 0.009591",OTU2,,2,EF1a:RPB1:RPB2:nucSSU,https://vclv99-239.hpc.ncsu.edu/tbas2_1/genetree.php?layout=xy&runnumber=OSZ72DTW&strain=Otu100,Pathotroph-Saprotroph,Endophyte-Lichen Parasite-Plant Pathogen-Undefined Saprotroph
Otu101,Ascomycota,Ascomycota,Hypocreales,Hypocreales,Fusarium_graminearum_1082,1,OTU3,,2,EF1a:RPB1:RPB2:nucSSU,https://vclv99-239.hpc.ncsu.edu/tbas2_1/genetree.php?layout=xy&runnumber=OSZ72DTW&strain=Otu101,Pathotroph-Saprotroph-Symbiotroph,Animal Pathogen-Endophyte-Lichen Parasite-Plant Pathogen-Soil Saprotroph-Wood Saprotroph
Otu102,Ascomycota,Ascomycota,Hypocreales,Hypocreales,Fusarium_graminearum_1082,0.997048,OTU4,,2,EF1a:RPB1:RPB2:nucSSU,https://vclv99-239.hpc.ncsu.edu/tbas2_1/genetree.php?layout=xy&runnumber=OSZ72DTW&strain=Otu102,Pathotroph-Saprotroph-Symbiotroph,Animal Pathogen-Endophyte-Lichen Parasite-Plant Pathogen-Soil Saprotroph-Wood Saprotroph
Otu103,Ascomycota,Ascomycota,Sordariales,"Sordariales,Diaporthales,Xylariales,Sordariomycetes incertae sedis","Sordaria_fimicola_216,Magnaporthe_grisea_1081,Neurospora_crassa_1078,Gnomonia_gnomon_952,Xylaria_acuta_63,Podospora_anserina_1085,Xylaria_hypoxylon_51,Diaporthe_eres_935,Chaetomium_globosum_217","0.893521, 0.055885, 0.050593",OTU5,,2,EF1a:RPB1:RPB2:nucSSU,https://vclv99-239.hpc.ncsu.edu/tbas2_1/genetree.php?layout=xy&runnumber=OSZ72DTW&strain=Otu103,Saprotroph,Dung Saprotroph-Wood Saprotroph
Otu104,Ascomycota,Ascomycota,Hypocreales,Hypocreales,Fusarium_graminearum_1082,1,OTU6,,2,EF1a:RPB1:RPB2:nucSSU,https://vclv99-239.hpc.ncsu.edu/tbas2_1/genetree.php?layout=xy&runnumber=OSZ72DTW&strain=Otu104,Pathotroph-Saprotroph-Symbiotroph,Animal Pathogen-Endophyte-Lichen Parasite-Plant Pathogen-Soil Saprotroph-Wood Saprotroph
Otu105,Ascomycota,Ascomycota,Eurotiales,Eurotiales,Aspergillus_nidulans_1080,"0.432439, 0.281936, 0.216891, 0.034397",OTU7,,2,EF1a:RPB1:RPB2:nucSSU,https://vclv99-239.hpc.ncsu.edu/tbas2_1/genetree.php?layout=xy&runnumber=OSZ72DTW&strain=Otu105,Saprotroph,Undefined Saprotroph
Otu106,Ascomycota,Ascomycota,Eurotiales,Eurotiales,"Aspergillus_fumigatus_1079,Monascus_purpureus_426,Aspergillus_nidulans_1080","0.944663, 0.015027",OTU8,,2,EF1a:RPB1:RPB2:nucSSU,https://vclv99-239.hpc.ncsu.edu/tbas2_1/genetree.php?layout=xy&runnumber=OSZ72DTW&strain=Otu106,Saprotroph,Undefined Saprotroph
Otu107,Ascomycota,Ascomycota,Hypocreales,Hypocreales,Hydropisphaera_erubescens_186,0.996317,OTU9,,2,EF1a:RPB1:RPB2:nucSSU,https://vclv99-239.hpc.ncsu.edu/tbas2_1/genetree.php?layout=xy&runnumber=OSZ72DTW&strain=Otu107,Saprotroph,Undefined Saprotroph
Otu108,Ascomycota,Ascomycota,Arthoniales,Arthoniales,"Dendrographa_leucophaea_f_minor_355,Simonyella_variegata_80,Roccella_fuciformis_126","0.528603, 0.225432, 0.208147",OTU10,,2,EF1a:RPB1:RPB2:nucSSU,https://vclv99-239.hpc.ncsu.edu/tbas2_1/genetree.php?layout=xy&runnumber=OSZ72DTW&strain=Otu108,Symbiotroph,Lichenized
Otu109,Ascomycota,Ascomycota,Hypocreales,Hypocreales,Fusarium_graminearum_1082,1,OTU11,,2,EF1a:RPB1:RPB2:nucSSU,https://vclv99-239.hpc.ncsu.edu/tbas2_1/genetree.php?layout=xy&runnumber=OSZ72DTW&strain=Otu109,Pathotroph-Saprotroph-Symbiotroph,Animal Pathogen-Endophyte-Lichen Parasite-Plant Pathogen-Soil Saprotroph-Wood Saprotroph
Otu11,Ascomycota,Ascomycota,Sordariales,"Sordariales,Diaporthales,Xylariales,Helotiales,Sordariomycetes incertae sedis,Lulworthiales","Sordaria_fimicola_216,Leotia_lubrica_1,Magnaporthe_grisea_1081,Neurospora_crassa_1078,Lindra_thalassiae_413,Gnomonia_gnomon_952,Xylaria_acuta_63,Podospora_anserina_1085,Xylaria_hypoxylon_51,Diaporthe_eres_935,Chaetomium_globosum_217","0.362375, 0.230053, 0.147475, 0.058079, 0.056108, 0.048793, 0.039034, 0.014902",OTU12,,2,EF1a:RPB1:RPB2:nucSSU,https://vclv99-239.hpc.ncsu.edu/tbas2_1/genetree.php?layout=xy&runnumber=OSZ72DTW&strain=Otu11,Saprotroph,Dung Saprotroph-Wood Saprotroph
Otu110,Ascomycota,Ascomycota,Arthoniales,Arthoniales,"Dendrographa_leucophaea_f_minor_355,Simonyella_variegata_80,Roccella_fuciformis_126","0.675501, 0.138422, 0.120610, 0.028504",OTU13,,2,EF1a:RPB1:RPB2:nucSSU,https://vclv99-239.hpc.ncsu.edu/tbas2_1/genetree.php?layout=xy&runnumber=OSZ72DTW&strain=Otu110,Symbiotroph,Lichenized
Otu111,Ascomycota,Ascomycota,Diaporthales,Diaporthales,Diaporthe_eres_935,0.999999,OTU14,,2,EF1a:RPB1:RPB2:nucSSU,https://vclv99-239.hpc.ncsu.edu/tbas2_1/genetree.php?layout=xy&runnumber=OSZ72DTW&strain=Otu111,Pathotroph-Symbiotroph,Endophyte-Plant Pathogen
Otu112,Ascomycota,Ascomycota,Hypocreales,Hypocreales,Fusarium_graminearum_1082,1,OTU15,,2,EF1a:RPB1:RPB2:nucSSU,https://vclv99-239.hpc.ncsu.edu/tbas2_1/genetree.php?layout=xy&runnumber=OSZ72DTW&strain=Otu112,Pathotroph-Saprotroph-Symbiotroph,Animal Pathogen-Endophyte-Lichen Parasite-Plant Pathogen-Soil Saprotroph-Wood Saprotroph
Otu113,Ascomycota,Ascomycota,Arthoniales,Arthoniales,"Dendrographa_leucophaea_f_minor_355,Simonyella_variegata_80,Roccella_fuciformis_126","0.528603, 0.225432, 0.208147",OTU10,,2,EF1a:RPB1:RPB2:nucSSU,https://vclv99-239.hpc.ncsu.edu/tbas2_1/genetree.php?layout=xy&runnumber=OSZ72DTW&strain=Otu108,Symbiotroph,Lichenized
Otu114,Ascomycota,Ascomycota,Hypocreales,Hypocreales,Fusarium_graminearum_1082,1,OTU16,,2,EF1a:RPB1:RPB2:nucSSU,https://vclv99-239.hpc.ncsu.edu/tbas2_1/genetree.php?layout=xy&runnumber=OSZ72DTW&strain=Otu114,Pathotroph-Saprotroph-Symbiotroph,Animal Pathogen-Endophyte-Lichen Parasite-Plant Pathogen-Soil Saprotroph-Wood Saprotroph
Otu115,Ascomycota,Ascomycota,Eurotiales,Eurotiales,Aspergillus_nidulans_1080,0.970128,OTU17,,2,EF1a:RPB1:RPB2:nucSSU,https://vclv99-239.hpc.ncsu.edu/tbas2_1/genetree.php?layout=xy&runnumber=OSZ72DTW&strain=Otu115,Saprotroph,Undefined Saprotroph
Otu116,Ascomycota,Ascomycota,Capnodiales,Capnodiales,Capnodium_coffeae_939,"0.496640, 0.251954, 0.251403",OTU18,,2,EF1a:RPB1:RPB2:nucSSU,https://vclv99-239.hpc.ncsu.edu/tbas2_1/genetree.php?layout=xy&runnumber=OSZ72DTW&strain=Otu116,Saprotroph,Undefined Saprotroph
Otu117,Ascomycota,Ascomycota,Capnodiales,Capnodiales,Capnodium_coffeae_939,"0.662411, 0.169318, 0.168266",OTU19,,2,EF1a:RPB1:RPB2:nucSSU,https://vclv99-239.hpc.ncsu.edu/tbas2_1/genetree.php?layout=xy&runnumber=OSZ72DTW&strain=Otu117,Saprotroph,Undefined Saprotroph
Otu118,Ascomycota,Ascomycota,Sordariales,"Sordariales,Diaporthales,Xylariales,Sordariomycetes incertae sedis","Sordaria_fimicola_216,Magnaporthe_grisea_1081,Neurospora_crassa_1078,Gnomonia_gnomon_952,Xylaria_acuta_63,Podospora_anserina_1085,Xylaria_hypoxylon_51,Diaporthe_eres_935,Chaetomium_globosum_217","0.812442, 0.097189, 0.090369",OTU20,,2,EF1a:RPB1:RPB2:nucSSU,https://vclv99-239.hpc.ncsu.edu/tbas2_1/genetree.php?layout=xy&runnumber=OSZ72DTW&strain=Otu118,Saprotroph,Dung Saprotroph-Wood Saprotroph
Otu119,Ascomycota,Ascomycota,Pezizales,Pezizales,Ascobolus_crenulatus_181,1,OTU21,,2,EF1a:RPB1:RPB2:nucSSU,https://vclv99-239.hpc.ncsu.edu/tbas2_1/genetree.php?layout=xy&runnumber=OSZ72DTW&strain=Otu119,not available,not available
Otu12,Ascomycota,Ascomycota,Pleosporales,Pleosporales,"Pleospora_herbarum_940,Bipolaris_maydis_54,Pyrenophora_phaeocomes_283",0.986308,OTU22,,2,EF1a:RPB1:RPB2:nucSSU,https://vclv99-239.hpc.ncsu.edu/tbas2_1/genetree.php?layout=xy&runnumber=OSZ72DTW&strain=Otu12,not available,not available
Otu120,Ascomycota,Ascomycota,Eurotiales,Eurotiales,"Aspergillus_fumigatus_1079,Monascus_purpureus_426,Aspergillus_nidulans_1080",0.967022,OTU23,,2,EF1a:RPB1:RPB2:nucSSU,https://vclv99-239.hpc.ncsu.edu/tbas2_1/genetree.php?layout=xy&runnumber=OSZ72DTW&strain=Otu120,not available,not available
Otu121,Ascomycota,Ascomycota,Hypocreales,Hypocreales,Fusarium_graminearum_1082,0.999981,OTU24,,2,EF1a:RPB1:RPB2:nucSSU,https://vclv99-239.hpc.ncsu.edu/tbas2_1/genetree.php?layout=xy&runnumber=OSZ72DTW&strain=Otu121,not available,not available
Otu122,Ascomycota,Ascomycota,Pleosporales,Pleosporales,Pleospora_herbarum_940,"0.415730, 0.293843, 0.281911",OTU25,,2,EF1a:RPB1:RPB2:nucSSU,https://vclv99-239.hpc.ncsu.edu/tbas2_1/genetree.php?layout=xy&runnumber=OSZ72DTW&strain=Otu122,not available,not available
Otu123,Ascomycota,Ascomycota,Hypocreales,Hypocreales,Fusarium_graminearum_1082,0.999995,OTU26,,2,EF1a:RPB1:RPB2:nucSSU,https://vclv99-239.hpc.ncsu.edu/tbas2_1/genetree.php?layout=xy&runnumber=OSZ72DTW&strain=Otu123,not available,not available
Otu124,Ascomycota,Ascomycota,Eurotiales,Eurotiales,"Aspergillus_fumigatus_1079,Monascus_purpureus_426,Aspergillus_nidulans_1080","0.906250, 0.033204, 0.027712",OTU27,,2,EF1a:RPB1:RPB2:nucSSU,https://vclv99-239.hpc.ncsu.edu/tbas2_1/genetree.php?layout=xy&runnumber=OSZ72DTW&strain=Otu124,not available,not available
Otu125,Ascomycota,Ascomycota,Arthoniales,Arthoniales,"Dendrographa_leucophaea_f_minor_355,Simonyella_variegata_80,Roccella_fuciformis_126","0.523838, 0.228871, 0.209576",OTU28,,2,EF1a:RPB1:RPB2:nucSSU,https://vclv99-239.hpc.ncsu.edu/tbas2_1/genetree.php?layout=xy&runnumber=OSZ72DTW&strain=Otu125,not available,not available
Otu126,Ascomycota,Ascomycota,Eurotiales,Eurotiales,"Aspergillus_fumigatus_1079,Monascus_purpureus_426,Aspergillus_nidulans_1080","0.884642, 0.037233, 0.037177",OTU29,,2,EF1a:RPB1:RPB2:nucSSU,https://vclv99-239.hpc.ncsu.edu/tbas2_1/genetree.php?layout=xy&runnumber=OSZ72DTW&strain=Otu126,not available,not available
Otu127,Ascomycota,Ascomycota,Eurotiales,Eurotiales,"Aspergillus_fumigatus_1079,Monascus_purpureus_426,Aspergillus_nidulans_1080","0.793027, 0.071047, 0.062022, 0.058818",OTU30,,2,EF1a:RPB1:RPB2:nucSSU,https://vclv99-239.hpc.ncsu.edu/tbas2_1/genetree.php?layout=xy&runnumber=OSZ72DTW&strain=Otu127,not available,not available
Otu128,Ascomycota,Ascomycota,Sordariales,"Sordariales,Diaporthales,Xylariales,Helotiales,Sordariomycetes incertae sedis,Lulworthiales","Sordaria_fimicola_216,Leotia_lubrica_1,Magnaporthe_grisea_1081,Neurospora_crassa_1078,Lindra_thalassiae_413,Gnomonia_gnomon_952,Xylaria_acuta_63,Podospora_anserina_1085,Xylaria_hypoxylon_51,Diaporthe_eres_935,Chaetomium_globosum_217","0.080626, 0.073104, 0.055867, 0.054411, 0.052720, 0.049505, 0.045193, 0.044330, 0.038581, 0.036741, 0.034960",OTU31,,1,EF1a:nucLSU:RPB1:RPB2:nucSSU,https://vclv99-239.hpc.ncsu.edu/tbas2_1/genetree.php?layout=xy&runnumber=OSZ72DTW&strain=Otu128,not available,not available
Otu129,Ascomycota,Ascomycota,Eurotiales,Eurotiales,"Aspergillus_fumigatus_1079,Monascus_purpureus_426,Aspergillus_nidulans_1080","0.773993, 0.076476, 0.068505, 0.064305",OTU32,,2,EF1a:RPB1:RPB2:nucSSU,https://vclv99-239.hpc.ncsu.edu/tbas2_1/genetree.php?layout=xy&runnumber=OSZ72DTW&strain=Otu129,not available,not available
Otu13,Ascomycota,Ascomycota,Eurotiales,Eurotiales,Aspergillus_nidulans_1080,"0.787614, 0.090130, 0.089832",OTU33,,2,EF1a:RPB1:RPB2:nucSSU,https://vclv99-239.hpc.ncsu.edu/tbas2_1/genetree.php?layout=xy&runnumber=OSZ72DTW&strain=Otu13,not available,not available
Otu130,Ascomycota,Ascomycota,Eurotiales,Eurotiales,"Aspergillus_fumigatus_1079,Monascus_purpureus_426,Aspergillus_nidulans_1080","0.344737, 0.282971, 0.282471, 0.028086, 0.023242",OTU34,,2,EF1a:RPB1:RPB2:nucSSU,https://vclv99-239.hpc.ncsu.edu/tbas2_1/genetree.php?layout=xy&runnumber=OSZ72DTW&strain=Otu130,not available,not available
Otu131,Ascomycota,Ascomycota,Eurotiales,Eurotiales,"Aspergillus_fumigatus_1079,Monascus_purpureus_426,Aspergillus_nidulans_1080","0.862385, 0.069418, 0.068180",OTU35,,2,EF1a:RPB1:RPB2:nucSSU,https://vclv99-239.hpc.ncsu.edu/tbas2_1/genetree.php?layout=xy&runnumber=OSZ72DTW&strain=Otu131,not available,not available
Otu132,Ascomycota,Ascomycota,Eurotiales,Eurotiales,"Aspergillus_fumigatus_1079,Monascus_purpureus_426,Aspergillus_nidulans_1080","0.409099, 0.210923, 0.190480, 0.163123",OTU36,,2,EF1a:RPB1:RPB2:nucSSU,https://vclv99-239.hpc.ncsu.edu/tbas2_1/genetree.php?layout=xy&runnumber=OSZ72DTW&strain=Otu132,not available,not available
Otu133,Ascomycota,Ascomycota,Eurotiales,Eurotiales,"Aspergillus_fumigatus_1079,Monascus_purpureus_426,Aspergillus_nidulans_1080","0.877648, 0.039539, 0.039485",OTU37,,2,EF1a:RPB1:RPB2:nucSSU,https://vclv99-239.hpc.ncsu.edu/tbas2_1/genetree.php?layout=xy&runnumber=OSZ72DTW&strain=Otu133,not available,not available
Otu134,Ascomycota,Ascomycota,Eurotiales,Eurotiales,"Aspergillus_fumigatus_1079,Monascus_purpureus_426,Aspergillus_nidulans_1080","0.770763, 0.083365, 0.075538, 0.060394",OTU38,,2,EF1a:RPB1:RPB2:nucSSU,https://vclv99-239.hpc.ncsu.edu/tbas2_1/genetree.php?layout=xy&runnumber=OSZ72DTW&strain=Otu134,not available,not available
Otu135,Ascomycota,Ascomycota,Hypocreales,Hypocreales,Hydropisphaera_erubescens_186,"0.620156, 0.242515, 0.052871, 0.049426",OTU39,,2,EF1a:RPB1:RPB2:nucSSU,https://vclv99-239.hpc.ncsu.edu/tbas2_1/genetree.php?layout=xy&runnumber=OSZ72DTW&strain=Otu135,not available,not available
Otu136,Ascomycota,Ascomycota,Eurotiales,Eurotiales,"Aspergillus_fumigatus_1079,Monascus_purpureus_426,Aspergillus_nidulans_1080","0.894415, 0.034015, 0.033954",OTU40,,2,EF1a:RPB1:RPB2:nucSSU,https://vclv99-239.hpc.ncsu.edu/tbas2_1/genetree.php?layout=xy&runnumber=OSZ72DTW&strain=Otu136,not available,not available
Otu137,Ascomycota,Ascomycota,Eurotiales,Eurotiales,"Aspergillus_fumigatus_1079,Monascus_purpureus_426,Aspergillus_nidulans_1080",0.961536,OTU41,,2,EF1a:RPB1:RPB2:nucSSU,https://vclv99-239.hpc.ncsu.edu/tbas2_1/genetree.php?layout=xy&runnumber=OSZ72DTW&strain=Otu137,not available,not available
Otu138,Ascomycota,Ascomycota,Eurotiales,Eurotiales,"Aspergillus_fumigatus_1079,Monascus_purpureus_426,Aspergillus_nidulans_1080","0.929882, 0.015433, 0.015397",OTU42,,2,EF1a:RPB1:RPB2:nucSSU,https://vclv99-239.hpc.ncsu.edu/tbas2_1/genetree.php?layout=xy&runnumber=OSZ72DTW&strain=Otu138,not available,not available
Otu139,Ascomycota,Ascomycota,Arthoniales,Arthoniales,"Dendrographa_leucophaea_f_minor_355,Simonyella_variegata_80,Roccella_fuciformis_126","0.270572, 0.210333, 0.210015, 0.068158, 0.068141, 0.045142, 0.043098, 0.030025, 0.030002",OTU43,,2,EF1a:RPB1:RPB2:nucSSU,https://vclv99-239.hpc.ncsu.edu/tbas2_1/genetree.php?layout=xy&runnumber=OSZ72DTW&strain=Otu139,not available,not available
Otu14,Ascomycota,Ascomycota,Hypocreales,Hypocreales,Nectria_haematococca_161,"0.779509, 0.145838, 0.072580",OTU44,,2,EF1a:RPB1:RPB2:nucSSU,https://vclv99-239.hpc.ncsu.edu/tbas2_1/genetree.php?layout=xy&runnumber=OSZ72DTW&strain=Otu14,not available,not available
Otu140,Ascomycota,Ascomycota,Eurotiales,Eurotiales,"Aspergillus_fumigatus_1079,Monascus_purpureus_426,Aspergillus_nidulans_1080",0.973896,OTU45,,2,EF1a:RPB1:RPB2:nucSSU,https://vclv99-239.hpc.ncsu.edu/tbas2_1/genetree.php?layout=xy&runnumber=OSZ72DTW&strain=Otu140,not available,not available
Otu141,Ascomycota,Ascomycota,Eurotiales,Eurotiales,"Aspergillus_fumigatus_1079,Monascus_purpureus_426,Aspergillus_nidulans_1080","0.805262, 0.064015, 0.062742, 0.053488",OTU46,,2,EF1a:RPB1:RPB2:nucSSU,https://vclv99-239.hpc.ncsu.edu/tbas2_1/genetree.php?layout=xy&runnumber=OSZ72DTW&strain=Otu141,not available,not available
Otu142,Ascomycota,Ascomycota,Eurotiales,Eurotiales,"Aspergillus_fumigatus_1079,Monascus_purpureus_426,Aspergillus_nidulans_1080","0.899343, 0.028464, 0.027449",OTU47,,2,EF1a:RPB1:RPB2:nucSSU,https://vclv99-239.hpc.ncsu.edu/tbas2_1/genetree.php?layout=xy&runnumber=OSZ72DTW&strain=Otu142,not available,not available
Otu143,Basidiomycota,Basidiomycota,Filobasidiales,Filobasidiales,Cryptococcus_neoformans_var_neoformans_1088,0.999999,OTU48,,2,EF1a:RPB1:RPB2:nucSSU,https://vclv99-239.hpc.ncsu.edu/tbas2_1/genetree.php?layout=xy&runnumber=OSZ72DTW&strain=Otu143,not available,not available
Otu144,Ascomycota,Ascomycota,Eurotiales,Eurotiales,"Aspergillus_fumigatus_1079,Monascus_purpureus_426,Aspergillus_nidulans_1080","0.922583, 0.024596, 0.024537",OTU49,,2,EF1a:RPB1:RPB2:nucSSU,https://vclv99-239.hpc.ncsu.edu/tbas2_1/genetree.php?layout=xy&runnumber=OSZ72DTW&strain=Otu144,not available,not available
Otu145,Ascomycota,Ascomycota,Hypocreales,Hypocreales,Nectria_haematococca_161,"0.551557, 0.256758, 0.177616",OTU50,,2,EF1a:RPB1:RPB2:nucSSU,https://vclv99-239.hpc.ncsu.edu/tbas2_1/genetree.php?layout=xy&runnumber=OSZ72DTW&strain=Otu145,not available,not available
Otu146,Basidiomycota,Basidiomycota,Agaricales,Agaricales,Coprinopsis_cinerea_1087,"0.433657, 0.281558, 0.135266, 0.091658, 0.057816",OTU51,,2,EF1a:RPB1:RPB2:nucSSU,https://vclv99-239.hpc.ncsu.edu/tbas2_1/genetree.php?layout=xy&runnumber=OSZ72DTW&strain=Otu146,not available,not available
Otu147,Basidiomycota,Basidiomycota,Agaricales,Agaricales,Coprinopsis_cinerea_1087,"0.437457, 0.277818, 0.274356",OTU52,,2,EF1a:RPB1:RPB2:nucSSU,https://vclv99-239.hpc.ncsu.edu/tbas2_1/genetree.php?layout=xy&runnumber=OSZ72DTW&strain=Otu147,not available,not available
Otu148,Basidiomycota,Basidiomycota,Agaricales,Agaricales,Henningsomyces_candidus_468,"0.206525, 0.171728, 0.171379, 0.073969, 0.058596, 0.057941, 0.057263, 0.052845, 0.051435, 0.043180, 0.011626",OTU53,,2,EF1a:RPB1:RPB2:nucSSU,https://vclv99-239.hpc.ncsu.edu/tbas2_1/genetree.php?layout=xy&runnumber=OSZ72DTW&strain=Otu148,not available,not available
Otu149,Basidiomycota,Basidiomycota,Aphyllophorales,"Aphyllophorales,Hymeno-chaetales,Russulales,Stereales,Agaricales","Phlebia_radiata_484,Stereum_hirsutum_492,Phanerochaete_chrysosporium_776,Grifola_sordulenta_562,Climacodon_septentrionalis_767,Bondarzewia_montana_452,Echinodontium_tinctorium_455,Fomitopsis_pinicola_770,Coltricia_perennis_447,Fomitiporia_mediterranea_688,Grifola_frondosa_701","0.222261, 0.217272, 0.217141, 0.109087, 0.078661, 0.074783, 0.070369",OTU54,,2,EF1a:RPB1:RPB2:nucSSU,https://vclv99-239.hpc.ncsu.edu/tbas2_1/genetree.php?layout=xy&runnumber=OSZ72DTW&strain=Otu149,not available,not available
Otu15,Ascomycota,Ascomycota,Saccharo-mycetales,"Saccharo-mycetales,Saccharomycetales","Lachancea_waltii_1071,Kluyveromyces_lactis_1075,Eremothecium_gossypii_1072,Clavispora_lusitaniae_1268,Debaryomyces_hansenii_1077,Naumovozyma_castellii_1070,Meyerozyma_guilliermondii_1270,Saccharomyces_cerevisiae_1069,Candida_tropicalis_1269,Candida_albicans_1074,Candida_glabrata_1073","0.502160, 0.161761, 0.141317, 0.068444, 0.059874, 0.029336",OTU55,,2,EF1a:RPB1:RPB2:nucSSU,https://vclv99-239.hpc.ncsu.edu/tbas2_1/genetree.php?layout=xy&runnumber=OSZ72DTW&strain=Otu15,not available,not available
Otu150,Basidiomycota,Basidiomycota,Agaricales,Agaricales,Henningsomyces_candidus_468,"0.689219, 0.134872, 0.091658, 0.021445, 0.018293",OTU56,,2,EF1a:RPB1:RPB2:nucSSU,https://vclv99-239.hpc.ncsu.edu/tbas2_1/genetree.php?layout=xy&runnumber=OSZ72DTW&strain=Otu150,not available,not available
Otu151,Basidiomycota,Basidiomycota,Microbotryales,Microbotryales,Ustilentyloma_graminis_674,"0.652996, 0.184654, 0.162350",OTU57,,2,EF1a:RPB1:RPB2:nucSSU,https://vclv99-239.hpc.ncsu.edu/tbas2_1/genetree.php?layout=xy&runnumber=OSZ72DTW&strain=Otu151,not available,not available
Otu152,Basidiomycota,Basidiomycota,Ustilaginales,Ustilaginales,"Cintractia_sorghi-vulgaris_867,Ustilago_maydis_505","0.347913, 0.288888, 0.195446, 0.107128, 0.060625",OTU58,,2,EF1a:RPB1:RPB2:nucSSU,https://vclv99-239.hpc.ncsu.edu/tbas2_1/genetree.php?layout=xy&runnumber=OSZ72DTW&strain=Otu152,not available,not available
Otu153,Basidiomycota,Basidiomycota,Agaricales,Agaricales,Flammulina_velutipes_558,1,OTU59,,2,EF1a:RPB1:RPB2:nucSSU,https://vclv99-239.hpc.ncsu.edu/tbas2_1/genetree.php?layout=xy&runnumber=OSZ72DTW&strain=Otu153,not available,not available
Otu154,Basidiomycota,Basidiomycota,Boletales,"Boletales,Russulales,Aphyllophorales,Agaricales,Cantharellales","Stereum_hirsutum_492,Hygrophoropsis_aurantiaca_714,Lactarius_deceptivus_682,Clavaria_zollingeri_563,Calostoma_cinnabarinum_439,Bondarzewia_montana_452,Aureoboletus_projectellus_713,Echinodontium_tinctorium_455,Pluteus_romellii_625,Athelia_cf_epiphylla_576,Suillus_pictus_717","0.175701, 0.175447, 0.168694, 0.148053, 0.148023, 0.087259, 0.086971",OTU60,,2,EF1a:RPB1:RPB2:nucSSU,https://vclv99-239.hpc.ncsu.edu/tbas2_1/genetree.php?layout=xy&runnumber=OSZ72DTW&strain=Otu154,not available,not available
Otu155,Ascomycota,Ascomycota,Saccharo-mycetales,Saccharo-mycetales,"Saccharomyces_cerevisiae_1069,Candida_glabrata_1073,Naumovozyma_castellii_1070","0.289645, 0.289563, 0.289519, 0.096819",OTU61,,2,EF1a:RPB1:RPB2:nucSSU,https://vclv99-239.hpc.ncsu.edu/tbas2_1/genetree.php?layout=xy&runnumber=OSZ72DTW&strain=Otu155,not available,not available
Otu156,Basidiomycota,Basidiomycota,Ustilaginales,"Ustilaginales,George-fischeriales,Entylomatales","Cintractia_sorghi-vulgaris_867,Ustilago_maydis_505,Tilletiaria_anomala_865,Entyloma_holwayi_870",0.995901,OTU62,,2,EF1a:RPB1:RPB2:nucSSU,https://vclv99-239.hpc.ncsu.edu/tbas2_1/genetree.php?layout=xy&runnumber=OSZ72DTW&strain=Otu156,not available,not available
Otu157,Ascomycota,Ascomycota,Eurotiales,Eurotiales,Aspergillus_fumigatus_1079,"0.368439, 0.339677, 0.187754, 0.035012, 0.030997",OTU63,,1,EF1a:nucLSU:RPB1:RPB2:nucSSU,https://vclv99-239.hpc.ncsu.edu/tbas2_1/genetree.php?layout=xy&runnumber=OSZ72DTW&strain=Otu157,not available,not available
Otu158,Ascomycota,Ascomycota,Eurotiales,Eurotiales,"Aspergillus_fumigatus_1079,Monascus_purpureus_426,Aspergillus_nidulans_1080","0.491317, 0.147477, 0.146804, 0.083798, 0.063187, 0.038152",OTU64,,2,EF1a:RPB1:RPB2:nucSSU,https://vclv99-239.hpc.ncsu.edu/tbas2_1/genetree.php?layout=xy&runnumber=OSZ72DTW&strain=Otu158,not available,not available
Otu159,Zygomycota,Zygomycota,Mucorales,Mucorales,Rhizopus_oryzae_1241,1,OTU65,,2,EF1a:RPB1:RPB2:nucSSU,https://vclv99-239.hpc.ncsu.edu/tbas2_1/genetree.php?layout=xy&runnumber=OSZ72DTW&strain=Otu159,not available,not available
Otu16,Ascomycota,Ascomycota,Diaporthales,Diaporthales,Diaporthe_eres_935,0.999998,OTU66,,2,EF1a:RPB1:RPB2:nucSSU,https://vclv99-239.hpc.ncsu.edu/tbas2_1/genetree.php?layout=xy&runnumber=OSZ72DTW&strain=Otu16,not available,not available
Otu160,Ascomycota,Ascomycota,Eurotiales,Eurotiales,"Aspergillus_fumigatus_1079,Monascus_purpureus_426,Aspergillus_nidulans_1080","0.917449, 0.026324, 0.026264",OTU67,,2,EF1a:RPB1:RPB2:nucSSU,https://vclv99-239.hpc.ncsu.edu/tbas2_1/genetree.php?layout=xy&runnumber=OSZ72DTW&strain=Otu160,not available,not available
Otu161,Ascomycota,Ascomycota,Eurotiales,Eurotiales,"Aspergillus_fumigatus_1079,Monascus_purpureus_426,Aspergillus_nidulans_1080","0.917449, 0.026324, 0.026264",OTU67,,2,EF1a:RPB1:RPB2:nucSSU,https://vclv99-239.hpc.ncsu.edu/tbas2_1/genetree.php?layout=xy&runnumber=OSZ72DTW&strain=Otu160,not available,not available
Otu162,Ascomycota,Ascomycota,Microascales,Microascales,Microascus_trigonosporus_914,1,OTU68,,2,EF1a:RPB1:RPB2:nucSSU,https://vclv99-239.hpc.ncsu.edu/tbas2_1/genetree.php?layout=xy&runnumber=OSZ72DTW&strain=Otu162,not available,not available
Otu163,Ascomycota,Ascomycota,Eurotiales,Eurotiales,Aspergillus_fumigatus_1079,"0.350454, 0.333680, 0.183865, 0.034860, 0.033186, 0.030309",OTU69,,1,EF1a:nucLSU:RPB1:RPB2:nucSSU,https://vclv99-239.hpc.ncsu.edu/tbas2_1/genetree.php?layout=xy&runnumber=OSZ72DTW&strain=Otu163,not available,not available
Otu164,Basidiomycota,Basidiomycota,Aphyllophorales,"Aphyllophorales,Stereales","Phlebia_radiata_484,Climacodon_septentrionalis_767","0.225267, 0.209917, 0.201714, 0.110869, 0.083928, 0.077599, 0.077552",OTU70,,2,EF1a:RPB1:RPB2:nucSSU,https://vclv99-239.hpc.ncsu.edu/tbas2_1/genetree.php?layout=xy&runnumber=OSZ72DTW&strain=Otu164,not available,not available
Otu165,Basidiomycota,Basidiomycota,Aphyllophorales,Aphyllophorales,Phanerochaete_chrysosporium_776,"0.581058, 0.086351, 0.084315, 0.080567, 0.078039, 0.049722",OTU71,,2,EF1a:RPB1:RPB2:nucSSU,https://vclv99-239.hpc.ncsu.edu/tbas2_1/genetree.php?layout=xy&runnumber=OSZ72DTW&strain=Otu165,not available,not available
Otu166,Ascomycota,Ascomycota,Hypocreales,Hypocreales,Hydropisphaera_erubescens_186,"0.501844, 0.207026, 0.165870, 0.076369",OTU72,,2,EF1a:RPB1:RPB2:nucSSU,https://vclv99-239.hpc.ncsu.edu/tbas2_1/genetree.php?layout=xy&runnumber=OSZ72DTW&strain=Otu166,not available,not available
Otu167,Ascomycota,Ascomycota,Eurotiales,Eurotiales,Aspergillus_nidulans_1080,"0.568859, 0.165746, 0.160270, 0.030371, 0.016916, 0.015266",OTU73,,1,EF1a:nucLSU:RPB1:RPB2:nucSSU,https://vclv99-239.hpc.ncsu.edu/tbas2_1/genetree.php?layout=xy&runnumber=OSZ72DTW&strain=Otu167,not available,not available
Otu168,Ascomycota,Ascomycota,Eurotiales,Eurotiales,Aspergillus_nidulans_1080,1,OTU74,,2,EF1a:RPB1:RPB2:nucSSU,https://vclv99-239.hpc.ncsu.edu/tbas2_1/genetree.php?layout=xy&runnumber=OSZ72DTW&strain=Otu168,not available,not available
Otu169,Ascomycota,Ascomycota,Hypocreales,Hypocreales,"Hydropisphaera_erubescens_186,Fusarium_graminearum_1082,Nectria_haematococca_161","0.330795, 0.298685, 0.298501, 0.039177",OTU75,,2,EF1a:RPB1:RPB2:nucSSU,https://vclv99-239.hpc.ncsu.edu/tbas2_1/genetree.php?layout=xy&runnumber=OSZ72DTW&strain=Otu169,not available,not available
Otu17,Ascomycota,Ascomycota,Pleosporales,Pleosporales,Pleospora_herbarum_940,"0.427783, 0.287838, 0.276638",OTU76,,2,EF1a:RPB1:RPB2:nucSSU,https://vclv99-239.hpc.ncsu.edu/tbas2_1/genetree.php?layout=xy&runnumber=OSZ72DTW&strain=Otu17,not available,not available
Otu170,Ascomycota,Ascomycota,Eurotiales,Eurotiales,"Aspergillus_fumigatus_1079,Monascus_purpureus_426,Aspergillus_nidulans_1080","0.834929, 0.053149, 0.052576, 0.046154",OTU77,,2,EF1a:RPB1:RPB2:nucSSU,https://vclv99-239.hpc.ncsu.edu/tbas2_1/genetree.php?layout=xy&runnumber=OSZ72DTW&strain=Otu170,not available,not available
Otu171,Ascomycota,Ascomycota,Hypocreales,Hypocreales,Nectria_haematococca_161,"0.741527, 0.168360, 0.087153",OTU78,,2,EF1a:RPB1:RPB2:nucSSU,https://vclv99-239.hpc.ncsu.edu/tbas2_1/genetree.php?layout=xy&runnumber=OSZ72DTW&strain=Otu171,not available,not available
Otu172,Ascomycota,Ascomycota,Hypocreales,Hypocreales,Nectria_haematococca_161,"0.713916, 0.162771, 0.116773",OTU79,,2,EF1a:RPB1:RPB2:nucSSU,https://vclv99-239.hpc.ncsu.edu/tbas2_1/genetree.php?layout=xy&runnumber=OSZ72DTW&strain=Otu172,not available,not available
Otu173,Ascomycota,Ascomycota,Eurotiales,Eurotiales,"Aspergillus_fumigatus_1079,Monascus_purpureus_426,Aspergillus_nidulans_1080","0.899197, 0.032336, 0.032275",OTU80,,2,EF1a:RPB1:RPB2:nucSSU,https://vclv99-239.hpc.ncsu.edu/tbas2_1/genetree.php?layout=xy&runnumber=OSZ72DTW&strain=Otu173,not available,not available
Otu174,Ascomycota,Ascomycota,Eurotiales,Eurotiales,Aspergillus_nidulans_1080,"0.398831, 0.299700, 0.227920, 0.036882",OTU81,,2,EF1a:RPB1:RPB2:nucSSU,https://vclv99-239.hpc.ncsu.edu/tbas2_1/genetree.php?layout=xy&runnumber=OSZ72DTW&strain=Otu174,not available,not available
Otu175,Ascomycota,Ascomycota,Eurotiales,Eurotiales,"Aspergillus_fumigatus_1079,Aspergillus_nidulans_1080","0.327918, 0.327593, 0.259089, 0.043677",OTU82,,2,EF1a:RPB1:RPB2:nucSSU,https://vclv99-239.hpc.ncsu.edu/tbas2_1/genetree.php?layout=xy&runnumber=OSZ72DTW&strain=Otu175,not available,not available
Otu176,Ascomycota,Ascomycota,Hypocreales,Hypocreales,Fusarium_graminearum_1082,0.999971,OTU83,,2,EF1a:RPB1:RPB2:nucSSU,https://vclv99-239.hpc.ncsu.edu/tbas2_1/genetree.php?layout=xy&runnumber=OSZ72DTW&strain=Otu176,not available,not available
Otu177,Ascomycota,Ascomycota,Eurotiales,Eurotiales,Aspergillus_nidulans_1080,"0.816485, 0.083706, 0.082859",OTU84,,2,EF1a:RPB1:RPB2:nucSSU,https://vclv99-239.hpc.ncsu.edu/tbas2_1/genetree.php?layout=xy&runnumber=OSZ72DTW&strain=Otu177,not available,not available
Otu178,Ascomycota,Ascomycota,Hypocreales,Hypocreales,Fusarium_graminearum_1082,0.999992,OTU85,,2,EF1a:RPB1:RPB2:nucSSU,https://vclv99-239.hpc.ncsu.edu/tbas2_1/genetree.php?layout=xy&runnumber=OSZ72DTW&strain=Otu178,not available,not available
Otu179,Ascomycota,Ascomycota,Hypocreales,Hypocreales,Fusarium_graminearum_1082,1,OTU86,,2,EF1a:RPB1:RPB2:nucSSU,https://vclv99-239.hpc.ncsu.edu/tbas2_1/genetree.php?layout=xy&runnumber=OSZ72DTW&strain=Otu179,not available,not available
Otu18,Ascomycota,Ascomycota,Eurotiales,Eurotiales,"Aspergillus_fumigatus_1079,Monascus_purpureus_426,Aspergillus_nidulans_1080","0.865856, 0.075748, 0.020209",OTU87,,2,EF1a:RPB1:RPB2:nucSSU,https://vclv99-239.hpc.ncsu.edu/tbas2_1/genetree.php?layout=xy&runnumber=OSZ72DTW&strain=Otu18,not available,not available
Otu180,Ascomycota,Ascomycota,Hypocreales,Hypocreales,Fusarium_graminearum_1082,0.99999,OTU88,,2,EF1a:RPB1:RPB2:nucSSU,https://vclv99-239.hpc.ncsu.edu/tbas2_1/genetree.php?layout=xy&runnumber=OSZ72DTW&strain=Otu180,not available,not available
Otu181,Ascomycota,Ascomycota,Hypocreales,Hypocreales,Fusarium_graminearum_1082,"0.929966, 0.063030",OTU89,,2,EF1a:RPB1:RPB2:nucSSU,https://vclv99-239.hpc.ncsu.edu/tbas2_1/genetree.php?layout=xy&runnumber=OSZ72DTW&strain=Otu181,not available,not available
Otu182,Ascomycota,Ascomycota,Hypocreales,Hypocreales,Hydropisphaera_erubescens_186,"0.747393, 0.078036, 0.068396, 0.050218, 0.050094",OTU90,,2,EF1a:RPB1:RPB2:nucSSU,https://vclv99-239.hpc.ncsu.edu/tbas2_1/genetree.php?layout=xy&runnumber=OSZ72DTW&strain=Otu182,not available,not available
Otu183,Ascomycota,Ascomycota,Arthoniales,Arthoniales,"Dendrographa_leucophaea_f_minor_355,Simonyella_variegata_80,Roccella_fuciformis_126","0.560957, 0.182195, 0.181836, 0.030915",OTU91,,2,EF1a:RPB1:RPB2:nucSSU,https://vclv99-239.hpc.ncsu.edu/tbas2_1/genetree.php?layout=xy&runnumber=OSZ72DTW&strain=Otu183,not available,not available
Otu184,Ascomycota,Ascomycota,Arthoniales,Arthoniales,"Dendrographa_leucophaea_f_minor_355,Simonyella_variegata_80,Roccella_fuciformis_126","0.133857, 0.124423, 0.123873, 0.051133, 0.050384, 0.039973, 0.035613, 0.033836, 0.031815, 0.027792, 0.019614",OTU92,,2,EF1a:RPB1:RPB2:nucSSU,https://vclv99-239.hpc.ncsu.edu/tbas2_1/genetree.php?layout=xy&runnumber=OSZ72DTW&strain=Otu184,not available,not available
Otu185,Ascomycota,Ascomycota,Hypocreales,Hypocreales,Nectria_haematococca_161,"0.727904, 0.174982, 0.093744",OTU93,,2,EF1a:RPB1:RPB2:nucSSU,https://vclv99-239.hpc.ncsu.edu/tbas2_1/genetree.php?layout=xy&runnumber=OSZ72DTW&strain=Otu185,not available,not available
Otu186,Ascomycota,Ascomycota,Eurotiales,Eurotiales,Aspergillus_nidulans_1080,1,OTU94,,2,EF1a:RPB1:RPB2:nucSSU,https://vclv99-239.hpc.ncsu.edu/tbas2_1/genetree.php?layout=xy&runnumber=OSZ72DTW&strain=Otu186,not available,not available
Otu187,Ascomycota,Ascomycota,Eurotiales,Eurotiales,"Aspergillus_fumigatus_1079,Monascus_purpureus_426,Aspergillus_nidulans_1080","0.923679, 0.022324, 0.017253",OTU95,,2,EF1a:RPB1:RPB2:nucSSU,https://vclv99-239.hpc.ncsu.edu/tbas2_1/genetree.php?layout=xy&runnumber=OSZ72DTW&strain=Otu187,not available,not available
Otu188,Ascomycota,Ascomycota,Hypocreales,Hypocreales,Trichoderma_citrinum_52,0.999989,OTU96,,2,EF1a:RPB1:RPB2:nucSSU,https://vclv99-239.hpc.ncsu.edu/tbas2_1/genetree.php?layout=xy&runnumber=OSZ72DTW&strain=Otu188,not available,not available
Otu189,Ascomycota,Ascomycota,Eurotiales,Eurotiales,"Aspergillus_fumigatus_1079,Monascus_purpureus_426,Aspergillus_nidulans_1080","0.899758, 0.040369, 0.019905",OTU97,,2,EF1a:RPB1:RPB2:nucSSU,https://vclv99-239.hpc.ncsu.edu/tbas2_1/genetree.php?layout=xy&runnumber=OSZ72DTW&strain=Otu189,not available,not available
Otu19,Ascomycota,Ascomycota,Eurotiales,Eurotiales,"Aspergillus_fumigatus_1079,Monascus_purpureus_426,Aspergillus_nidulans_1080","0.918005, 0.026151, 0.026092",OTU98,,2,EF1a:RPB1:RPB2:nucSSU,https://vclv99-239.hpc.ncsu.edu/tbas2_1/genetree.php?layout=xy&runnumber=OSZ72DTW&strain=Otu19,not available,not available
Otu190,Ascomycota,Ascomycota,Eurotiales,Eurotiales,"Aspergillus_fumigatus_1079,Monascus_purpureus_426,Aspergillus_nidulans_1080","0.871552, 0.041656, 0.041129",OTU99,,2,EF1a:RPB1:RPB2:nucSSU,https://vclv99-239.hpc.ncsu.edu/tbas2_1/genetree.php?layout=xy&runnumber=OSZ72DTW&strain=Otu190,not available,not available
Otu191,Ascomycota,Ascomycota,Eurotiales,Eurotiales,"Aspergillus_fumigatus_1079,Monascus_purpureus_426,Aspergillus_nidulans_1080","0.898284, 0.032693, 0.032635",OTU100,,2,EF1a:RPB1:RPB2:nucSSU,https://vclv99-239.hpc.ncsu.edu/tbas2_1/genetree.php?layout=xy&runnumber=OSZ72DTW&strain=Otu191,not available,not available
Otu192,Ascomycota,Ascomycota,Eurotiales,Eurotiales,"Aspergillus_fumigatus_1079,Monascus_purpureus_426,Aspergillus_nidulans_1080","0.896469, 0.033259, 0.033198",OTU101,,2,EF1a:RPB1:RPB2:nucSSU,https://vclv99-239.hpc.ncsu.edu/tbas2_1/genetree.php?layout=xy&runnumber=OSZ72DTW&strain=Otu192,not available,not available
Otu193,Ascomycota,Ascomycota,Eurotiales,Eurotiales,"Aspergillus_fumigatus_1079,Monascus_purpureus_426,Aspergillus_nidulans_1080","0.898797, 0.032318, 0.032252",OTU102,,2,EF1a:RPB1:RPB2:nucSSU,https://vclv99-239.hpc.ncsu.edu/tbas2_1/genetree.php?layout=xy&runnumber=OSZ72DTW&strain=Otu193,not available,not available
Otu194,Ascomycota,Ascomycota,Eurotiales,Eurotiales,"Aspergillus_fumigatus_1079,Aspergillus_nidulans_1080","0.303790, 0.303785, 0.228696, 0.123881",OTU103,,2,EF1a:RPB1:RPB2:nucSSU,https://vclv99-239.hpc.ncsu.edu/tbas2_1/genetree.php?layout=xy&runnumber=OSZ72DTW&strain=Otu194,not available,not available
Otu195,Ascomycota,Ascomycota,Eurotiales,Eurotiales,"Aspergillus_fumigatus_1079,Monascus_purpureus_426,Aspergillus_nidulans_1080",0.973781,OTU104,,2,EF1a:RPB1:RPB2:nucSSU,https://vclv99-239.hpc.ncsu.edu/tbas2_1/genetree.php?layout=xy&runnumber=OSZ72DTW&strain=Otu195,not available,not available
Otu196,Ascomycota,Ascomycota,Eurotiales,Eurotiales,"Aspergillus_fumigatus_1079,Aspergillus_nidulans_1080","0.274286, 0.274227, 0.209524, 0.205670",OTU105,,2,EF1a:RPB1:RPB2:nucSSU,https://vclv99-239.hpc.ncsu.edu/tbas2_1/genetree.php?layout=xy&runnumber=OSZ72DTW&strain=Otu196,not available,not available
Otu197,Ascomycota,Ascomycota,Eurotiales,Eurotiales,Aspergillus_nidulans_1080,"0.332439, 0.332431, 0.259421, 0.038483",OTU106,,2,EF1a:RPB1:RPB2:nucSSU,https://vclv99-239.hpc.ncsu.edu/tbas2_1/genetree.php?layout=xy&runnumber=OSZ72DTW&strain=Otu197,not available,not available
Otu198,Ascomycota,Ascomycota,Eurotiales,Eurotiales,"Aspergillus_fumigatus_1079,Monascus_purpureus_426,Aspergillus_nidulans_1080","0.845054, 0.051438, 0.048655, 0.045109",OTU107,,2,EF1a:RPB1:RPB2:nucSSU,https://vclv99-239.hpc.ncsu.edu/tbas2_1/genetree.php?layout=xy&runnumber=OSZ72DTW&strain=Otu198,not available,not available
Otu199,Ascomycota,Ascomycota,Eurotiales,Eurotiales,"Aspergillus_fumigatus_1079,Monascus_purpureus_426,Aspergillus_nidulans_1080","0.891820, 0.034838, 0.034779",OTU108,,2,EF1a:RPB1:RPB2:nucSSU,https://vclv99-239.hpc.ncsu.edu/tbas2_1/genetree.php?layout=xy&runnumber=OSZ72DTW&strain=Otu199,not available,not available
Otu2,Ascomycota,Ascomycota,Arthoniales,Arthoniales,"Dendrographa_leucophaea_f_minor_355,Simonyella_variegata_80,Roccella_fuciformis_126","0.573209, 0.207790, 0.197212",OTU109,,2,EF1a:RPB1:RPB2:nucSSU,https://vclv99-239.hpc.ncsu.edu/tbas2_1/genetree.php?layout=xy&runnumber=OSZ72DTW&strain=Otu2,not available,not available
Otu20,Ascomycota,Ascomycota,Sordariales,"Sordariales,Diaporthales,Xylariales,Helotiales,Sordariomycetes incertae sedis,Lulworthiales","Sordaria_fimicola_216,Leotia_lubrica_1,Magnaporthe_grisea_1081,Neurospora_crassa_1078,Lindra_thalassiae_413,Gnomonia_gnomon_952,Xylaria_acuta_63,Podospora_anserina_1085,Xylaria_hypoxylon_51,Diaporthe_eres_935,Chaetomium_globosum_217","0.353362, 0.243957, 0.144144, 0.058128, 0.056786, 0.047669, 0.038168, 0.014568",OTU110,,2,EF1a:RPB1:RPB2:nucSSU,https://vclv99-239.hpc.ncsu.edu/tbas2_1/genetree.php?layout=xy&runnumber=OSZ72DTW&strain=Otu20,not available,not available
Otu200,Ascomycota,Ascomycota,Eurotiales,Eurotiales,"Aspergillus_fumigatus_1079,Monascus_purpureus_426,Aspergillus_nidulans_1080","0.881745, 0.038194, 0.037564",OTU111,,2,EF1a:RPB1:RPB2:nucSSU,https://vclv99-239.hpc.ncsu.edu/tbas2_1/genetree.php?layout=xy&runnumber=OSZ72DTW&strain=Otu200,not available,not available
Otu201,Ascomycota,Ascomycota,Eurotiales,Eurotiales,Aspergillus_fumigatus_1079,"0.294337, 0.293669, 0.265191, 0.093375, 0.053428",OTU112,,2,EF1a:RPB1:RPB2:nucSSU,https://vclv99-239.hpc.ncsu.edu/tbas2_1/genetree.php?layout=xy&runnumber=OSZ72DTW&strain=Otu201,not available,not available
Otu202,Ascomycota,Ascomycota,Hypocreales,Hypocreales,Nectria_haematococca_161,"0.692257, 0.204452, 0.099292",OTU113,,2,EF1a:RPB1:RPB2:nucSSU,https://vclv99-239.hpc.ncsu.edu/tbas2_1/genetree.php?layout=xy&runnumber=OSZ72DTW&strain=Otu202,not available,not available
Otu203,Ascomycota,Ascomycota,Eurotiales,Eurotiales,"Aspergillus_fumigatus_1079,Monascus_purpureus_426,Aspergillus_nidulans_1080","0.901575, 0.031201, 0.031144",OTU114,,2,EF1a:RPB1:RPB2:nucSSU,https://vclv99-239.hpc.ncsu.edu/tbas2_1/genetree.php?layout=xy&runnumber=OSZ72DTW&strain=Otu203,not available,not available
Otu204,Ascomycota,Ascomycota,Eurotiales,Eurotiales,Aspergillus_nidulans_1080,"0.731189, 0.117401, 0.117036",OTU115,,2,EF1a:RPB1:RPB2:nucSSU,https://vclv99-239.hpc.ncsu.edu/tbas2_1/genetree.php?layout=xy&runnumber=OSZ72DTW&strain=Otu204,not available,not available
Otu205,Ascomycota,Ascomycota,Eurotiales,Eurotiales,"Aspergillus_fumigatus_1079,Monascus_purpureus_426,Aspergillus_nidulans_1080","0.840820, 0.055156, 0.051220, 0.042800",OTU116,,2,EF1a:RPB1:RPB2:nucSSU,https://vclv99-239.hpc.ncsu.edu/tbas2_1/genetree.php?layout=xy&runnumber=OSZ72DTW&strain=Otu205,not available,not available
Otu206,Ascomycota,Ascomycota,Eurotiales,Eurotiales,"Aspergillus_fumigatus_1079,Monascus_purpureus_426,Aspergillus_nidulans_1080","0.904760, 0.030515, 0.030456",OTU117,,2,EF1a:RPB1:RPB2:nucSSU,https://vclv99-239.hpc.ncsu.edu/tbas2_1/genetree.php?layout=xy&runnumber=OSZ72DTW&strain=Otu206,not available,not available
Otu207,Ascomycota,Ascomycota,Eurotiales,Eurotiales,Aspergillus_nidulans_1080,"0.746742, 0.108536, 0.108214",OTU118,,2,EF1a:RPB1:RPB2:nucSSU,https://vclv99-239.hpc.ncsu.edu/tbas2_1/genetree.php?layout=xy&runnumber=OSZ72DTW&strain=Otu207,not available,not available
Otu208,Ascomycota,Ascomycota,Eurotiales,Eurotiales,"Aspergillus_fumigatus_1079,Monascus_purpureus_426,Aspergillus_nidulans_1080","0.884892, 0.037033, 0.036861",OTU119,,2,EF1a:RPB1:RPB2:nucSSU,https://vclv99-239.hpc.ncsu.edu/tbas2_1/genetree.php?layout=xy&runnumber=OSZ72DTW&strain=Otu208,not available,not available
Otu209,Ascomycota,Ascomycota,Hypocreales,Hypocreales,Hydropisphaera_erubescens_186,"0.680379, 0.101973, 0.068444, 0.041424, 0.030027, 0.029898",OTU120,,2,EF1a:RPB1:RPB2:nucSSU,https://vclv99-239.hpc.ncsu.edu/tbas2_1/genetree.php?layout=xy&runnumber=OSZ72DTW&strain=Otu209,not available,not available
Otu21,Ascomycota,Ascomycota,Hypocreales,Hypocreales,Fusarium_graminearum_1082,1,OTU121,,2,EF1a:RPB1:RPB2:nucSSU,https://vclv99-239.hpc.ncsu.edu/tbas2_1/genetree.php?layout=xy&runnumber=OSZ72DTW&strain=Otu21,not available,not available
Otu210,Ascomycota,Ascomycota,Eurotiales,Eurotiales,"Aspergillus_fumigatus_1079,Monascus_purpureus_426,Aspergillus_nidulans_1080",0.969827,OTU122,,2,EF1a:RPB1:RPB2:nucSSU,https://vclv99-239.hpc.ncsu.edu/tbas2_1/genetree.php?layout=xy&runnumber=OSZ72DTW&strain=Otu210,not available,not available
Otu211,Ascomycota,Ascomycota,Eurotiales,Eurotiales,"Aspergillus_fumigatus_1079,Monascus_purpureus_426,Aspergillus_nidulans_1080","0.819711, 0.060442, 0.056709, 0.051445",OTU123,,2,EF1a:RPB1:RPB2:nucSSU,https://vclv99-239.hpc.ncsu.edu/tbas2_1/genetree.php?layout=xy&runnumber=OSZ72DTW&strain=Otu211,not available,not available
Otu22,Ascomycota,Ascomycota,Hypocreales,Hypocreales,Fusarium_graminearum_1082,1,OTU11,,2,EF1a:RPB1:RPB2:nucSSU,https://vclv99-239.hpc.ncsu.edu/tbas2_1/genetree.php?layout=xy&runnumber=OSZ72DTW&strain=Otu109,not available,not available
Otu23,Ascomycota,Ascomycota,Eurotiales,Eurotiales,"Aspergillus_fumigatus_1079,Monascus_purpureus_426,Aspergillus_nidulans_1080","0.904384, 0.030540, 0.030525",OTU124,,2,EF1a:RPB1:RPB2:nucSSU,https://vclv99-239.hpc.ncsu.edu/tbas2_1/genetree.php?layout=xy&runnumber=OSZ72DTW&strain=Otu23,not available,not available
Otu24,Ascomycota,Ascomycota,Saccharo-mycetales,Saccharo-mycetales,Meyerozyma_guilliermondii_1270,1,OTU125,,2,EF1a:RPB1:RPB2:nucSSU,https://vclv99-239.hpc.ncsu.edu/tbas2_1/genetree.php?layout=xy&runnumber=OSZ72DTW&strain=Otu24,not available,not available
Otu25,Ascomycota,Ascomycota,Pleosporales,Pleosporales,"Pleospora_herbarum_940,Bipolaris_maydis_54","0.336218, 0.331721, 0.323203",OTU126,,2,EF1a:RPB1:RPB2:nucSSU,https://vclv99-239.hpc.ncsu.edu/tbas2_1/genetree.php?layout=xy&runnumber=OSZ72DTW&strain=Otu25,not available,not available
Otu26,Ascomycota,Ascomycota,Capnodiales,Capnodiales,Capnodium_coffeae_939,"0.502813, 0.248977, 0.248207",OTU127,,2,EF1a:RPB1:RPB2:nucSSU,https://vclv99-239.hpc.ncsu.edu/tbas2_1/genetree.php?layout=xy&runnumber=OSZ72DTW&strain=Otu26,not available,not available
Otu27,Ascomycota,Ascomycota,Eurotiales,Eurotiales,Aspergillus_nidulans_1080,"0.867640, 0.060668, 0.059970",OTU128,,2,EF1a:RPB1:RPB2:nucSSU,https://vclv99-239.hpc.ncsu.edu/tbas2_1/genetree.php?layout=xy&runnumber=OSZ72DTW&strain=Otu27,not available,not available
Otu28,Ascomycota,Ascomycota,Eurotiales,Eurotiales,"Aspergillus_fumigatus_1079,Monascus_purpureus_426,Aspergillus_nidulans_1080","0.881491, 0.034335, 0.033406, 0.031101",OTU129,,2,EF1a:RPB1:RPB2:nucSSU,https://vclv99-239.hpc.ncsu.edu/tbas2_1/genetree.php?layout=xy&runnumber=OSZ72DTW&strain=Otu28,not available,not available
Otu29,Ascomycota,Ascomycota,Hypocreales,Hypocreales,Nectria_haematococca_161,"0.738429, 0.174908, 0.084113",OTU130,,2,EF1a:RPB1:RPB2:nucSSU,https://vclv99-239.hpc.ncsu.edu/tbas2_1/genetree.php?layout=xy&runnumber=OSZ72DTW&strain=Otu29,not available,not available
Otu3,Ascomycota,Ascomycota,Hypocreales,Hypocreales,Fusarium_graminearum_1082,1,OTU131,,2,EF1a:RPB1:RPB2:nucSSU,https://vclv99-239.hpc.ncsu.edu/tbas2_1/genetree.php?layout=xy&runnumber=OSZ72DTW&strain=Otu3,not available,not available
Otu30,Ascomycota,Ascomycota,Hypocreales,Hypocreales,Fusarium_graminearum_1082,1,OTU132,,2,EF1a:RPB1:RPB2:nucSSU,https://vclv99-239.hpc.ncsu.edu/tbas2_1/genetree.php?layout=xy&runnumber=OSZ72DTW&strain=Otu30,not available,not available
Otu31,Ascomycota,Ascomycota,Arthoniales,Arthoniales,"Dendrographa_leucophaea_f_minor_355,Simonyella_variegata_80,Roccella_fuciformis_126","0.525226, 0.248854, 0.208379",OTU133,,2,EF1a:RPB1:RPB2:nucSSU,https://vclv99-239.hpc.ncsu.edu/tbas2_1/genetree.php?layout=xy&runnumber=OSZ72DTW&strain=Otu31,not available,not available
Otu32,Ascomycota,Ascomycota,Diaporthales,Diaporthales,Diaporthe_eres_935,0.999997,OTU134,,2,EF1a:RPB1:RPB2:nucSSU,https://vclv99-239.hpc.ncsu.edu/tbas2_1/genetree.php?layout=xy&runnumber=OSZ72DTW&strain=Otu32,not available,not available
Otu33,Ascomycota,Ascomycota,Eurotiales,Eurotiales,"Aspergillus_fumigatus_1079,Aspergillus_nidulans_1080","0.284847, 0.284757, 0.216474, 0.175225",OTU135,,2,EF1a:RPB1:RPB2:nucSSU,https://vclv99-239.hpc.ncsu.edu/tbas2_1/genetree.php?layout=xy&runnumber=OSZ72DTW&strain=Otu33,not available,not available
Otu34,Ascomycota,Ascomycota,Eurotiales,Eurotiales,Monascus_purpureus_426,"0.377306, 0.200919, 0.185698, 0.172954, 0.063123",OTU136,,2,EF1a:RPB1:RPB2:nucSSU,https://vclv99-239.hpc.ncsu.edu/tbas2_1/genetree.php?layout=xy&runnumber=OSZ72DTW&strain=Otu34,not available,not available
Otu35,Ascomycota,Ascomycota,Eurotiales,Eurotiales,"Aspergillus_fumigatus_1079,Monascus_purpureus_426,Aspergillus_nidulans_1080","0.900814, 0.027756, 0.027209",OTU137,,2,EF1a:RPB1:RPB2:nucSSU,https://vclv99-239.hpc.ncsu.edu/tbas2_1/genetree.php?layout=xy&runnumber=OSZ72DTW&strain=Otu35,not available,not available
Otu36,Ascomycota,Ascomycota,Eurotiales,Eurotiales,"Aspergillus_fumigatus_1079,Aspergillus_nidulans_1080","0.317142, 0.316815, 0.243923, 0.073695",OTU138,,2,EF1a:RPB1:RPB2:nucSSU,https://vclv99-239.hpc.ncsu.edu/tbas2_1/genetree.php?layout=xy&runnumber=OSZ72DTW&strain=Otu36,not available,not available
Otu37,Ascomycota,Ascomycota,Eurotiales,Eurotiales,"Aspergillus_fumigatus_1079,Monascus_purpureus_426,Aspergillus_nidulans_1080","0.899253, 0.028558, 0.027650",OTU139,,2,EF1a:RPB1:RPB2:nucSSU,https://vclv99-239.hpc.ncsu.edu/tbas2_1/genetree.php?layout=xy&runnumber=OSZ72DTW&strain=Otu37,not available,not available
Otu38,Ascomycota,Ascomycota,Hypocreales,Hypocreales,Fusarium_graminearum_1082,0.999999,OTU140,,2,EF1a:RPB1:RPB2:nucSSU,https://vclv99-239.hpc.ncsu.edu/tbas2_1/genetree.php?layout=xy&runnumber=OSZ72DTW&strain=Otu38,not available,not available
Otu39,Ascomycota,Ascomycota,Saccharo-mycetales,"Saccharo-mycetales,Saccharomycetales","Lachancea_waltii_1071,Kluyveromyces_lactis_1075,Eremothecium_gossypii_1072,Clavispora_lusitaniae_1268,Debaryomyces_hansenii_1077,Naumovozyma_castellii_1070,Meyerozyma_guilliermondii_1270,Saccharomyces_cerevisiae_1069,Candida_tropicalis_1269,Candida_albicans_1074,Candida_glabrata_1073","0.517476, 0.153574, 0.150233, 0.062213, 0.055224, 0.027871",OTU141,,2,EF1a:RPB1:RPB2:nucSSU,https://vclv99-239.hpc.ncsu.edu/tbas2_1/genetree.php?layout=xy&runnumber=OSZ72DTW&strain=Otu39,not available,not available
Otu4,Ascomycota,Ascomycota,Hypocreales,Hypocreales,Fusarium_graminearum_1082,1,OTU142,,2,EF1a:RPB1:RPB2:nucSSU,https://vclv99-239.hpc.ncsu.edu/tbas2_1/genetree.php?layout=xy&runnumber=OSZ72DTW&strain=Otu4,not available,not available
Otu40,Basidiomycota,Basidiomycota,Filobasidiales,Filobasidiales,Cryptococcus_neoformans_var_neoformans_1088,1,OTU143,,2,EF1a:RPB1:RPB2:nucSSU,https://vclv99-239.hpc.ncsu.edu/tbas2_1/genetree.php?layout=xy&runnumber=OSZ72DTW&strain=Otu40,not available,not available
Otu41,Ascomycota,Ascomycota,Eurotiales,Eurotiales,"Aspergillus_fumigatus_1079,Monascus_purpureus_426,Aspergillus_nidulans_1080","0.919825, 0.021716, 0.020785",OTU144,,2,EF1a:RPB1:RPB2:nucSSU,https://vclv99-239.hpc.ncsu.edu/tbas2_1/genetree.php?layout=xy&runnumber=OSZ72DTW&strain=Otu41,not available,not available
Otu42,Ascomycota,Ascomycota,Hypocreales,Hypocreales,Nectria_haematococca_161,"0.740601, 0.180552, 0.076888",OTU145,,2,EF1a:RPB1:RPB2:nucSSU,https://vclv99-239.hpc.ncsu.edu/tbas2_1/genetree.php?layout=xy&runnumber=OSZ72DTW&strain=Otu42,not available,not available
Otu43,Ascomycota,Ascomycota,Eurotiales,Eurotiales,"Aspergillus_fumigatus_1079,Monascus_purpureus_426,Aspergillus_nidulans_1080","0.911474, 0.028288, 0.028229",OTU146,,2,EF1a:RPB1:RPB2:nucSSU,https://vclv99-239.hpc.ncsu.edu/tbas2_1/genetree.php?layout=xy&runnumber=OSZ72DTW&strain=Otu43,not available,not available
Otu44,Ascomycota,Ascomycota,Arthoniales,Arthoniales,"Dendrographa_leucophaea_f_minor_355,Simonyella_variegata_80,Roccella_fuciformis_126","0.583121, 0.200145, 0.198786",OTU147,,2,EF1a:RPB1:RPB2:nucSSU,https://vclv99-239.hpc.ncsu.edu/tbas2_1/genetree.php?layout=xy&runnumber=OSZ72DTW&strain=Otu44,not available,not available
Otu45,Ascomycota,Ascomycota,Eurotiales,Eurotiales,"Aspergillus_fumigatus_1079,Monascus_purpureus_426,Aspergillus_nidulans_1080","0.899302, 0.041723, 0.019606",OTU148,,2,EF1a:RPB1:RPB2:nucSSU,https://vclv99-239.hpc.ncsu.edu/tbas2_1/genetree.php?layout=xy&runnumber=OSZ72DTW&strain=Otu45,not available,not available
Otu46,Ascomycota,Ascomycota,Eurotiales,Eurotiales,"Aspergillus_fumigatus_1079,Monascus_purpureus_426,Aspergillus_nidulans_1080","0.868655, 0.042431, 0.042377",OTU149,,2,EF1a:RPB1:RPB2:nucSSU,https://vclv99-239.hpc.ncsu.edu/tbas2_1/genetree.php?layout=xy&runnumber=OSZ72DTW&strain=Otu46,not available,not available
Otu47,Ascomycota,Ascomycota,Eurotiales,Eurotiales,"Aspergillus_fumigatus_1079,Monascus_purpureus_426,Aspergillus_nidulans_1080","0.896512, 0.033276, 0.033216",OTU150,,2,EF1a:RPB1:RPB2:nucSSU,https://vclv99-239.hpc.ncsu.edu/tbas2_1/genetree.php?layout=xy&runnumber=OSZ72DTW&strain=Otu47,not available,not available
Otu48,Ascomycota,Ascomycota,Hypocreales,Hypocreales,Fusarium_graminearum_1082,0.999999,OTU151,,2,EF1a:RPB1:RPB2:nucSSU,https://vclv99-239.hpc.ncsu.edu/tbas2_1/genetree.php?layout=xy&runnumber=OSZ72DTW&strain=Otu48,not available,not available
Otu49,Ascomycota,Ascomycota,Hypocreales,Hypocreales,Nectria_haematococca_161,"0.745859, 0.182596, 0.071453",OTU152,,2,EF1a:RPB1:RPB2:nucSSU,https://vclv99-239.hpc.ncsu.edu/tbas2_1/genetree.php?layout=xy&runnumber=OSZ72DTW&strain=Otu49,not available,not available
Otu5,Ascomycota,Ascomycota,Eurotiales,Eurotiales,"Aspergillus_fumigatus_1079,Monascus_purpureus_426,Aspergillus_nidulans_1080","0.912365, 0.027977, 0.027919",OTU153,,2,EF1a:RPB1:RPB2:nucSSU,https://vclv99-239.hpc.ncsu.edu/tbas2_1/genetree.php?layout=xy&runnumber=OSZ72DTW&strain=Otu5,not available,not available
Otu50,Ascomycota,Ascomycota,Diaporthales,Diaporthales,Diaporthe_eres_935,0.999985,OTU154,,2,EF1a:RPB1:RPB2:nucSSU,https://vclv99-239.hpc.ncsu.edu/tbas2_1/genetree.php?layout=xy&runnumber=OSZ72DTW&strain=Otu50,not available,not available
Otu51,Basidiomycota,Basidiomycota,Ustilaginales,Ustilaginales,"Cintractia_sorghi-vulgaris_867,Ustilago_maydis_505","0.344177, 0.285902, 0.205052, 0.104645, 0.060224",OTU155,,2,EF1a:RPB1:RPB2:nucSSU,https://vclv99-239.hpc.ncsu.edu/tbas2_1/genetree.php?layout=xy&runnumber=OSZ72DTW&strain=Otu51,not available,not available
Otu52,Ascomycota,Ascomycota,Capnodiales,Capnodiales,Capnodium_coffeae_939,"0.524837, 0.248553, 0.226604",OTU156,,2,EF1a:RPB1:RPB2:nucSSU,https://vclv99-239.hpc.ncsu.edu/tbas2_1/genetree.php?layout=xy&runnumber=OSZ72DTW&strain=Otu52,not available,not available
Otu53,Ascomycota,Ascomycota,Arthoniales,Arthoniales,"Dendrographa_leucophaea_f_minor_355,Simonyella_variegata_80,Roccella_fuciformis_126","0.528603, 0.225432, 0.208147",OTU10,,2,EF1a:RPB1:RPB2:nucSSU,https://vclv99-239.hpc.ncsu.edu/tbas2_1/genetree.php?layout=xy&runnumber=OSZ72DTW&strain=Otu108,not available,not available
Otu54,Ascomycota,Ascomycota,Saccharomycetales,Saccharomycetales,Debaryomyces_hansenii_1077,"0.405463, 0.315432, 0.160558, 0.055759, 0.055593",OTU157,,2,EF1a:RPB1:RPB2:nucSSU,https://vclv99-239.hpc.ncsu.edu/tbas2_1/genetree.php?layout=xy&runnumber=OSZ72DTW&strain=Otu54,not available,not available
Otu55,Ascomycota,Ascomycota,Saccharomycetales,Saccharomycetales,Debaryomyces_hansenii_1077,"0.334465, 0.310550, 0.131460, 0.087481, 0.083791, 0.023350",OTU158,,2,EF1a:RPB1:RPB2:nucSSU,https://vclv99-239.hpc.ncsu.edu/tbas2_1/genetree.php?layout=xy&runnumber=OSZ72DTW&strain=Otu55,not available,not available
Otu56,Basidiomycota,Basidiomycota,Cantharellales,Cantharellales,Hydnum_albomagnum_471,"0.311459, 0.311084, 0.310874, 0.027239",OTU159,,2,EF1a:RPB1:RPB2:nucSSU,https://vclv99-239.hpc.ncsu.edu/tbas2_1/genetree.php?layout=xy&runnumber=OSZ72DTW&strain=Otu56,not available,not available
Otu57,Ascomycota,Ascomycota,Diaporthales,Diaporthales,Diaporthe_eres_935,0.999996,OTU160,,2,EF1a:RPB1:RPB2:nucSSU,https://vclv99-239.hpc.ncsu.edu/tbas2_1/genetree.php?layout=xy&runnumber=OSZ72DTW&strain=Otu57,not available,not available
Otu58,Ascomycota,Ascomycota,Diaporthales,Diaporthales,Diaporthe_eres_935,0.999997,OTU161,,2,EF1a:RPB1:RPB2:nucSSU,https://vclv99-239.hpc.ncsu.edu/tbas2_1/genetree.php?layout=xy&runnumber=OSZ72DTW&strain=Otu58,not available,not available
Otu59,Ascomycota,Ascomycota,Eurotiales,"Eurotiales,Onygenales","Aspergillus_fumigatus_1079,Spiromastix_warcupii_430,Monascus_purpureus_426,Histoplasma_capsulatum_1083,Coccidioides_immitis_1084,Aspergillus_nidulans_1080","0.641933, 0.328680",OTU162,,2,EF1a:RPB1:RPB2:nucSSU,https://vclv99-239.hpc.ncsu.edu/tbas2_1/genetree.php?layout=xy&runnumber=OSZ72DTW&strain=Otu59,not available,not available
Otu6,Ascomycota,Ascomycota,Arthoniales,Arthoniales,"Dendrographa_leucophaea_f_minor_355,Simonyella_variegata_80,Roccella_fuciformis_126","0.528603, 0.225432, 0.208147",OTU10,,2,EF1a:RPB1:RPB2:nucSSU,https://vclv99-239.hpc.ncsu.edu/tbas2_1/genetree.php?layout=xy&runnumber=OSZ72DTW&strain=Otu108,not available,not available
Otu60,Ascomycota,Ascomycota,Eurotiales,Eurotiales,"Aspergillus_fumigatus_1079,Monascus_purpureus_426,Aspergillus_nidulans_1080","0.899555, 0.028460, 0.027572",OTU163,,2,EF1a:RPB1:RPB2:nucSSU,https://vclv99-239.hpc.ncsu.edu/tbas2_1/genetree.php?layout=xy&runnumber=OSZ72DTW&strain=Otu60,not available,not available
Otu61,Ascomycota,Ascomycota,Diaporthales,Diaporthales,Diaporthe_eres_935,0.999999,OTU164,,2,EF1a:RPB1:RPB2:nucSSU,https://vclv99-239.hpc.ncsu.edu/tbas2_1/genetree.php?layout=xy&runnumber=OSZ72DTW&strain=Otu61,not available,not available
Otu62,Ascomycota,Ascomycota,Eurotiales,"Eurotiales,Onygenales","Aspergillus_fumigatus_1079,Spiromastix_warcupii_430,Monascus_purpureus_426,Histoplasma_capsulatum_1083,Coccidioides_immitis_1084,Aspergillus_nidulans_1080","0.641933, 0.328680",OTU162,,2,EF1a:RPB1:RPB2:nucSSU,https://vclv99-239.hpc.ncsu.edu/tbas2_1/genetree.php?layout=xy&runnumber=OSZ72DTW&strain=Otu59,not available,not available
Otu63,Ascomycota,Ascomycota,Eurotiales,Eurotiales,Monascus_purpureus_426,"0.348107, 0.209721, 0.196463, 0.180317, 0.065392",OTU165,,2,EF1a:RPB1:RPB2:nucSSU,https://vclv99-239.hpc.ncsu.edu/tbas2_1/genetree.php?layout=xy&runnumber=OSZ72DTW&strain=Otu63,not available,not available
Otu64,Ascomycota,Ascomycota,Arthoniales,Arthoniales,"Dendrographa_leucophaea_f_minor_355,Simonyella_variegata_80,Roccella_fuciformis_126","0.499159, 0.210832, 0.161806, 0.051840, 0.051274",OTU166,,2,EF1a:RPB1:RPB2:nucSSU,https://vclv99-239.hpc.ncsu.edu/tbas2_1/genetree.php?layout=xy&runnumber=OSZ72DTW&strain=Otu64,not available,not available
Otu65,Ascomycota,Ascomycota,Arthoniales,Arthoniales,"Dendrographa_leucophaea_f_minor_355,Simonyella_variegata_80,Roccella_fuciformis_126","0.540205, 0.217899, 0.192999",OTU167,,2,EF1a:RPB1:RPB2:nucSSU,https://vclv99-239.hpc.ncsu.edu/tbas2_1/genetree.php?layout=xy&runnumber=OSZ72DTW&strain=Otu65,not available,not available
Otu66,Ascomycota,Ascomycota,Pleosporales,Pleosporales,"Pleospora_herbarum_940,Bipolaris_maydis_54","0.341081, 0.327468, 0.320680",OTU168,,2,EF1a:RPB1:RPB2:nucSSU,https://vclv99-239.hpc.ncsu.edu/tbas2_1/genetree.php?layout=xy&runnumber=OSZ72DTW&strain=Otu66,not available,not available
Otu67,Ascomycota,Ascomycota,Pleosporales,Pleosporales,Pleospora_herbarum_940,"0.688123, 0.156439, 0.149837",OTU169,,2,EF1a:RPB1:RPB2:nucSSU,https://vclv99-239.hpc.ncsu.edu/tbas2_1/genetree.php?layout=xy&runnumber=OSZ72DTW&strain=Otu67,not available,not available
Otu68,Ascomycota,Ascomycota,Hypocreales,Hypocreales,Fusarium_graminearum_1082,0.999986,OTU170,,2,EF1a:RPB1:RPB2:nucSSU,https://vclv99-239.hpc.ncsu.edu/tbas2_1/genetree.php?layout=xy&runnumber=OSZ72DTW&strain=Otu68,not available,not available
Otu69,Ascomycota,Ascomycota,Diaporthales,Diaporthales,Diaporthe_eres_935,0.998688,OTU171,,2,EF1a:RPB1:RPB2:nucSSU,https://vclv99-239.hpc.ncsu.edu/tbas2_1/genetree.php?layout=xy&runnumber=OSZ72DTW&strain=Otu69,not available,not available
Otu7,Ascomycota,Ascomycota,Arthoniales,Arthoniales,"Dendrographa_leucophaea_f_minor_355,Simonyella_variegata_80,Roccella_fuciformis_126","0.585338, 0.190545, 0.190226",OTU172,,2,EF1a:RPB1:RPB2:nucSSU,https://vclv99-239.hpc.ncsu.edu/tbas2_1/genetree.php?layout=xy&runnumber=OSZ72DTW&strain=Otu7,not available,not available
Otu70,Ascomycota,Ascomycota,Arthoniales,Arthoniales,"Dendrographa_leucophaea_f_minor_355,Simonyella_variegata_80,Roccella_fuciformis_126","0.607608, 0.181749, 0.175762",OTU173,,2,EF1a:RPB1:RPB2:nucSSU,https://vclv99-239.hpc.ncsu.edu/tbas2_1/genetree.php?layout=xy&runnumber=OSZ72DTW&strain=Otu70,not available,not available
Otu71,Ascomycota,Ascomycota,Eurotiales,Eurotiales,"Aspergillus_fumigatus_1079,Monascus_purpureus_426,Aspergillus_nidulans_1080",0.968642,OTU174,,2,EF1a:RPB1:RPB2:nucSSU,https://vclv99-239.hpc.ncsu.edu/tbas2_1/genetree.php?layout=xy&runnumber=OSZ72DTW&strain=Otu71,not available,not available
Otu72,Ascomycota,Ascomycota,Arthoniales,Arthoniales,"Dendrographa_leucophaea_f_minor_355,Simonyella_variegata_80,Roccella_fuciformis_126","0.545596, 0.182248, 0.179872, 0.037952, 0.037363",OTU175,,2,EF1a:RPB1:RPB2:nucSSU,https://vclv99-239.hpc.ncsu.edu/tbas2_1/genetree.php?layout=xy&runnumber=OSZ72DTW&strain=Otu72,not available,not available
Otu73,Ascomycota,Ascomycota,Hypocreales,Hypocreales,Fusarium_graminearum_1082,1,OTU11,,2,EF1a:RPB1:RPB2:nucSSU,https://vclv99-239.hpc.ncsu.edu/tbas2_1/genetree.php?layout=xy&runnumber=OSZ72DTW&strain=Otu109,not available,not available
Otu74,Ascomycota,Ascomycota,Arthoniales,Arthoniales,"Dendrographa_leucophaea_f_minor_355,Simonyella_variegata_80,Roccella_fuciformis_126","0.549393, 0.191466, 0.185973, 0.030283",OTU176,,2,EF1a:RPB1:RPB2:nucSSU,https://vclv99-239.hpc.ncsu.edu/tbas2_1/genetree.php?layout=xy&runnumber=OSZ72DTW&strain=Otu74,not available,not available
Otu75,Ascomycota,Ascomycota,Hypocreales,Hypocreales,Fusarium_graminearum_1082,1,OTU177,,2,EF1a:RPB1:RPB2:nucSSU,https://vclv99-239.hpc.ncsu.edu/tbas2_1/genetree.php?layout=xy&runnumber=OSZ72DTW&strain=Otu75,not available,not available
Otu76,Ascomycota,Ascomycota,Eurotiales,Eurotiales,"Aspergillus_fumigatus_1079,Aspergillus_nidulans_1080","0.319717, 0.319391, 0.243826, 0.068041",OTU178,,2,EF1a:RPB1:RPB2:nucSSU,https://vclv99-239.hpc.ncsu.edu/tbas2_1/genetree.php?layout=xy&runnumber=OSZ72DTW&strain=Otu76,not available,not available
Otu77,Ascomycota,Ascomycota,Hypocreales,Hypocreales,Fusarium_graminearum_1082,1,OTU179,,2,EF1a:RPB1:RPB2:nucSSU,https://vclv99-239.hpc.ncsu.edu/tbas2_1/genetree.php?layout=xy&runnumber=OSZ72DTW&strain=Otu77,not available,not available
Otu78,Ascomycota,Ascomycota,Hypocreales,Hypocreales,Fusarium_graminearum_1082,0.999998,OTU180,,2,EF1a:RPB1:RPB2:nucSSU,https://vclv99-239.hpc.ncsu.edu/tbas2_1/genetree.php?layout=xy&runnumber=OSZ72DTW&strain=Otu78,not available,not available
Otu79,Ascomycota,Ascomycota,Hypocreales,Hypocreales,Fusarium_graminearum_1082,1,OTU181,,2,EF1a:RPB1:RPB2:nucSSU,https://vclv99-239.hpc.ncsu.edu/tbas2_1/genetree.php?layout=xy&runnumber=OSZ72DTW&strain=Otu79,not available,not available
Otu8,Ascomycota,Ascomycota,Hypocreales,Hypocreales,Fusarium_graminearum_1082,1,OTU182,,2,EF1a:RPB1:RPB2:nucSSU,https://vclv99-239.hpc.ncsu.edu/tbas2_1/genetree.php?layout=xy&runnumber=OSZ72DTW&strain=Otu8,not available,not available
Otu80,Ascomycota,Ascomycota,Eurotiales,Eurotiales,"Aspergillus_fumigatus_1079,Aspergillus_nidulans_1080","0.318542, 0.318236, 0.244228, 0.070663",OTU183,,2,EF1a:RPB1:RPB2:nucSSU,https://vclv99-239.hpc.ncsu.edu/tbas2_1/genetree.php?layout=xy&runnumber=OSZ72DTW&strain=Otu80,not available,not available
Otu81,Ascomycota,Ascomycota,Arthoniales,Arthoniales,"Dendrographa_leucophaea_f_minor_355,Simonyella_variegata_80,Roccella_fuciformis_126","0.585061, 0.187264, 0.183432",OTU184,,2,EF1a:RPB1:RPB2:nucSSU,https://vclv99-239.hpc.ncsu.edu/tbas2_1/genetree.php?layout=xy&runnumber=OSZ72DTW&strain=Otu81,not available,not available
Otu82,Ascomycota,Ascomycota,Sordariales,"Sordariales,Diaporthales,Xylariales,Helotiales,Sordariomycetes incertae sedis,Lulworthiales","Sordaria_fimicola_216,Leotia_lubrica_1,Magnaporthe_grisea_1081,Neurospora_crassa_1078,Lindra_thalassiae_413,Gnomonia_gnomon_952,Xylaria_acuta_63,Podospora_anserina_1085,Xylaria_hypoxylon_51,Diaporthe_eres_935,Chaetomium_globosum_217","0.309527, 0.251693, 0.151888, 0.067362, 0.060317, 0.052101, 0.042265, 0.016017",OTU185,,2,EF1a:RPB1:RPB2:nucSSU,https://vclv99-239.hpc.ncsu.edu/tbas2_1/genetree.php?layout=xy&runnumber=OSZ72DTW&strain=Otu82,not available,not available
Otu83,Ascomycota,Ascomycota,Diaporthales,Diaporthales,Diaporthe_eres_935,0.999998,OTU186,,2,EF1a:RPB1:RPB2:nucSSU,https://vclv99-239.hpc.ncsu.edu/tbas2_1/genetree.php?layout=xy&runnumber=OSZ72DTW&strain=Otu83,not available,not available
Otu84,Ascomycota,Ascomycota,Sordariales,"Sordariales,Diaporthales,Xylariales,Sordariomycetes incertae sedis","Sordaria_fimicola_216,Magnaporthe_grisea_1081,Neurospora_crassa_1078,Gnomonia_gnomon_952,Xylaria_acuta_63,Podospora_anserina_1085,Xylaria_hypoxylon_51,Diaporthe_eres_935,Chaetomium_globosum_217","0.925071, 0.039423",OTU187,,2,EF1a:RPB1:RPB2:nucSSU,https://vclv99-239.hpc.ncsu.edu/tbas2_1/genetree.php?layout=xy&runnumber=OSZ72DTW&strain=Otu84,not available,not available
Otu85,Ascomycota,Ascomycota,Capnodiales,Capnodiales,Capnodium_coffeae_939,"0.458241, 0.294433, 0.247210",OTU188,,2,EF1a:RPB1:RPB2:nucSSU,https://vclv99-239.hpc.ncsu.edu/tbas2_1/genetree.php?layout=xy&runnumber=OSZ72DTW&strain=Otu85,not available,not available
Otu86,Ascomycota,Ascomycota,Rhytismatales,Rhytismatales,Potebniamyces_pyri_744,"0.282407, 0.193583, 0.180077, 0.173100, 0.170832",OTU189,,2,EF1a:RPB1:RPB2:nucSSU,https://vclv99-239.hpc.ncsu.edu/tbas2_1/genetree.php?layout=xy&runnumber=OSZ72DTW&strain=Otu86,not available,not available
Otu87,Ascomycota,Ascomycota,Xylariales,Xylariales,Xylaria_acuta_63,"0.241758, 0.241494, 0.215636, 0.032447, 0.022274, 0.010388, 0.009308, 0.009215, 0.009183, 0.009107, 0.009075",OTU190,,1,EF1a:nucLSU:RPB1:RPB2:nucSSU,https://vclv99-239.hpc.ncsu.edu/tbas2_1/genetree.php?layout=xy&runnumber=OSZ72DTW&strain=Otu87,not available,not available
Otu88,Ascomycota,Ascomycota,Sordariales,"Sordariales,Diaporthales,Xylariales,Sordariomycetes incertae sedis","Sordaria_fimicola_216,Magnaporthe_grisea_1081,Neurospora_crassa_1078,Gnomonia_gnomon_952,Xylaria_acuta_63,Podospora_anserina_1085,Xylaria_hypoxylon_51,Diaporthe_eres_935,Chaetomium_globosum_217","0.345479, 0.342402, 0.312119",OTU191,,2,EF1a:RPB1:RPB2:nucSSU,https://vclv99-239.hpc.ncsu.edu/tbas2_1/genetree.php?layout=xy&runnumber=OSZ72DTW&strain=Otu88,not available,not available
Otu89,Ascomycota,Ascomycota,Sordariales,"Sordariales,Diaporthales,Xylariales,Sordariomycetes incertae sedis","Sordaria_fimicola_216,Magnaporthe_grisea_1081,Neurospora_crassa_1078,Gnomonia_gnomon_952,Xylaria_acuta_63,Podospora_anserina_1085,Xylaria_hypoxylon_51,Diaporthe_eres_935,Chaetomium_globosum_217","0.920970, 0.040659",OTU192,,2,EF1a:RPB1:RPB2:nucSSU,https://vclv99-239.hpc.ncsu.edu/tbas2_1/genetree.php?layout=xy&runnumber=OSZ72DTW&strain=Otu89,not available,not available
Otu9,Ascomycota,Ascomycota,Saccharo-mycetales,"Saccharo-mycetales,Saccharomycetales","Lachancea_waltii_1071,Kluyveromyces_lactis_1075,Eremothecium_gossypii_1072,Clavispora_lusitaniae_1268,Debaryomyces_hansenii_1077,Naumovozyma_castellii_1070,Meyerozyma_guilliermondii_1270,Saccharomyces_cerevisiae_1069,Candida_tropicalis_1269,Candida_albicans_1074,Candida_glabrata_1073","0.514245, 0.154636, 0.150006, 0.062767, 0.055674, 0.027952",OTU193,,2,EF1a:RPB1:RPB2:nucSSU,https://vclv99-239.hpc.ncsu.edu/tbas2_1/genetree.php?layout=xy&runnumber=OSZ72DTW&strain=Otu9,not available,not available
Otu90,Ascomycota,Ascomycota,Capnodiales,Capnodiales,Capnodium_coffeae_939,"0.523624, 0.249144, 0.227226",OTU194,,2,EF1a:RPB1:RPB2:nucSSU,https://vclv99-239.hpc.ncsu.edu/tbas2_1/genetree.php?layout=xy&runnumber=OSZ72DTW&strain=Otu90,not available,not available
Otu91,Ascomycota,Ascomycota,Sordariales,"Sordariales,Diaporthales,Xylariales,Sordariomycetes incertae sedis","Sordaria_fimicola_216,Magnaporthe_grisea_1081,Neurospora_crassa_1078,Gnomonia_gnomon_952,Xylaria_acuta_63,Podospora_anserina_1085,Xylaria_hypoxylon_51,Diaporthe_eres_935,Chaetomium_globosum_217","0.263319, 0.227980, 0.177781, 0.114149, 0.087882, 0.038638, 0.022494, 0.015607, 0.013723",OTU195,,2,EF1a:RPB1:RPB2:nucSSU,https://vclv99-239.hpc.ncsu.edu/tbas2_1/genetree.php?layout=xy&runnumber=OSZ72DTW&strain=Otu91,not available,not available
Otu92,Ascomycota,Ascomycota,Saccharo-mycetales,"Saccharo-mycetales,Saccharomycetales","Lachancea_waltii_1071,Kluyveromyces_lactis_1075,Eremothecium_gossypii_1072,Clavispora_lusitaniae_1268,Debaryomyces_hansenii_1077,Naumovozyma_castellii_1070,Meyerozyma_guilliermondii_1270,Saccharomyces_cerevisiae_1069,Candida_tropicalis_1269,Candida_albicans_1074,Candida_glabrata_1073","0.497083, 0.189383, 0.127715, 0.077368, 0.052651, 0.022324",OTU196,,2,EF1a:RPB1:RPB2:nucSSU,https://vclv99-239.hpc.ncsu.edu/tbas2_1/genetree.php?layout=xy&runnumber=OSZ72DTW&strain=Otu92,not available,not available
Otu93,Ascomycota,Ascomycota,Saccharomycetales,Saccharomycetales,Debaryomyces_hansenii_1077,"0.334371, 0.310595, 0.131469, 0.087491, 0.083796, 0.023374",OTU197,,2,EF1a:RPB1:RPB2:nucSSU,https://vclv99-239.hpc.ncsu.edu/tbas2_1/genetree.php?layout=xy&runnumber=OSZ72DTW&strain=Otu93,not available,not available
Otu94,Ascomycota,Ascomycota,Saccharo-mycetales,"Saccharo-mycetales,Saccharomycetales","Lachancea_waltii_1071,Kluyveromyces_lactis_1075,Eremothecium_gossypii_1072,Clavispora_lusitaniae_1268,Debaryomyces_hansenii_1077,Naumovozyma_castellii_1070,Meyerozyma_guilliermondii_1270,Saccharomyces_cerevisiae_1069,Candida_tropicalis_1269,Candida_albicans_1074,Candida_glabrata_1073","0.431103, 0.176091, 0.101036, 0.093536, 0.077674, 0.075563",OTU198,,2,EF1a:RPB1:RPB2:nucSSU,https://vclv99-239.hpc.ncsu.edu/tbas2_1/genetree.php?layout=xy&runnumber=OSZ72DTW&strain=Otu94,not available,not available
Otu95,Ascomycota,Ascomycota,Sordariales,"Sordariales,Diaporthales,Xylariales,Helotiales,Sordariomycetes incertae sedis,Lulworthiales","Sordaria_fimicola_216,Leotia_lubrica_1,Magnaporthe_grisea_1081,Neurospora_crassa_1078,Lindra_thalassiae_413,Gnomonia_gnomon_952,Xylaria_acuta_63,Podospora_anserina_1085,Xylaria_hypoxylon_51,Diaporthe_eres_935,Chaetomium_globosum_217","0.144307, 0.042093, 0.039384, 0.039383, 0.029933, 0.029194, 0.028177, 0.017975, 0.017510, 0.016217, 0.015783",OTU199,,1,EF1a:nucLSU:RPB1:RPB2:nucSSU,https://vclv99-239.hpc.ncsu.edu/tbas2_1/genetree.php?layout=xy&runnumber=OSZ72DTW&strain=Otu95,not available,not available
Otu96,Ascomycota,Ascomycota,Diaporthales,"Diaporthales,Sordariomycetes incertae sedis","Gnomonia_gnomon_952,Diaporthe_eres_935,Magnaporthe_grisea_1081","0.038072, 0.033194, 0.031703, 0.030683, 0.030069, 0.029908, 0.029230, 0.028846, 0.027024, 0.026617, 0.020419",OTU200,,1,EF1a:nucLSU:RPB1:RPB2:nucSSU,https://vclv99-239.hpc.ncsu.edu/tbas2_1/genetree.php?layout=xy&runnumber=OSZ72DTW&strain=Otu96,not available,not available
Otu97,Ascomycota,Ascomycota,Hypocreales,Hypocreales,"Hydropisphaera_erubescens_186,Fusarium_graminearum_1082,Trichoderma_citrinum_52,Nectria_haematococca_161","0.335703, 0.210133, 0.100014, 0.095410, 0.092487, 0.050540, 0.024453, 0.019556, 0.019277, 0.015670",OTU201,,2,EF1a:RPB1:RPB2:nucSSU,https://vclv99-239.hpc.ncsu.edu/tbas2_1/genetree.php?layout=xy&runnumber=OSZ72DTW&strain=Otu97,not available,not available
Otu98,Ascomycota,Ascomycota,Sordariales,"Sordariales,Diaporthales,Xylariales,Sordariomycetes incertae sedis","Sordaria_fimicola_216,Magnaporthe_grisea_1081,Neurospora_crassa_1078,Gnomonia_gnomon_952,Xylaria_acuta_63,Podospora_anserina_1085,Xylaria_hypoxylon_51,Diaporthe_eres_935,Chaetomium_globosum_217","0.721556, 0.148218, 0.130225",OTU202,,2,EF1a:RPB1:RPB2:nucSSU,https://vclv99-239.hpc.ncsu.edu/tbas2_1/genetree.php?layout=xy&runnumber=OSZ72DTW&strain=Otu98,not available,not available
Otu99,Ascomycota,Ascomycota,Sordariales,"Sordariales,Diaporthales,Xylariales,Sordariomycetes incertae sedis","Sordaria_fimicola_216,Magnaporthe_grisea_1081,Neurospora_crassa_1078,Gnomonia_gnomon_952,Xylaria_acuta_63,Podospora_anserina_1085,Xylaria_hypoxylon_51,Diaporthe_eres_935,Chaetomium_globosum_217","0.471689, 0.288307, 0.240004",OTU203,,2,EF1a:RPB1:RPB2:nucSSU,https://vclv99-239.hpc.ncsu.edu/tbas2_1/genetree.php?layout=xy&runnumber=OSZ72DTW&strain=Otu99,not available,not available
